Week,SourceSubnet,Rank_Conns,Connections,Rank_Out,Outbound,Rank_In,Inbound,Rank_Bytes,TotalBytes,Rank_Sources,SourceIPs,Rank_Targets,TargetIPs,Rank_SrcPorts,SourcePorts,Rank_TrgPorts,TargetPorts,Difference,Color
Feb 2020,213,1,22149502,1,7836945443966,1,75129818501440,1,82966763945406,1,254,1,246022,1,51747,1,38757,67292873057474,In > Out
Feb 2020,160,2,3529878,4,1178335103567,2,6828715075214,2,8007050178781,24,95,2,64463,2,50498,3,5603,5650379971647,In > Out
Feb 2020,256,3,1421263,5,546622863945,3,6693638064022,3,7240260927967,101,10,3,50885,3,35804,9,4671,6147015200077,In > Out
Feb 2020,16,7,170933,2,1899123625088,25,269600583359,4,2168724208447,98,10,6,9926,6,25691,43,159,1629523041729,Out > In
Feb 2020,142,38,30056,3,1331968974772,69,29913201533,5,1361882176305,36,56,124,134,43,13452,12,2603,1302055773239,Out > In
Feb 2020,112,8,146724,23,46335479915,4,995692259010,6,1042027738925,11,144,16,8239,24,22575,30,402,949356779095,In > Out
Feb 2020,49,4,456916,11,171972730235,7,853546687423,7,1025519417658,85,17,4,12033,5,27692,20,643,681573957188,In > Out
Feb 2020,161,6,230441,15,65709277322,5,900407496694,8,966116774016,7,161,7,9804,13,24451,15,1302,834698219372,In > Out
Feb 2020,79,37,30374,43,19719649828,6,870520024476,9,890239674304,122,4,42,2646,46,12531,69,36,850800374648,In > Out
Feb 2020,123,13,112334,24,46231180424,8,814153420194,10,860384600618,13,144,12,8723,11,24651,37,352,767922239770,In > Out
Feb 2020,228,20,104584,28,43702356392,9,761611785212,11,805314141604,17,130,14,8334,21,23246,38,328,717909428820,In > Out
Feb 2020,134,12,113268,17,61006366208,10,715863931123,12,776870297331,9,151,9,9117,15,24198,26,485,654857564915,In > Out
Feb 2020,131,11,114193,18,57025080222,12,682289139899,13,739314220121,14,141,5,11005,16,24083,14,1702,625264059677,In > Out
Feb 2020,195,9,118581,26,44880771670,13,679584794319,14,724465565989,2,204,8,9147,22,22893,25,486,634704022649,In > Out
Feb 2020,229,16,109023,34,35217076265,11,686561706267,15,721778782532,16,136,19,8007,9,24869,32,398,651344630002,In > Out
Feb 2020,127,10,114626,20,51407245099,14,669903747175,16,721310992274,6,166,15,8274,19,23806,36,359,618496502076,In > Out
Feb 2020,133,21,103680,30,41633456993,15,640474342092,17,682107799085,18,129,21,7803,7,25020,35,365,598840885099,In > Out
Feb 2020,124,17,108029,31,40934811811,16,634253188694,18,675188000505,5,167,17,8180,18,23872,24,488,593318376883,In > Out
Feb 2020,132,22,101913,27,44055203676,17,621301690689,19,665356894365,8,161,20,7845,20,23634,28,460,577246487013,In > Out
Feb 2020,171,14,111424,29,43590202649,18,619749333476,20,663339536125,10,151,11,8741,14,24433,23,508,576159130827,In > Out
Feb 2020,98,19,107127,16,62220233987,19,591754602225,21,653974836212,12,144,18,8027,8,25000,27,473,529534368238,In > Out
Feb 2020,128,15,109651,19,56775678491,21,567188472407,22,623964150898,21,118,13,8637,17,23987,22,525,510412793916,In > Out
Feb 2020,70,18,107693,36,33841634561,20,584310298785,23,618151933346,19,122,10,8813,10,24831,19,644,550468664224,In > Out
Feb 2020,206,84,8111,48,14019440859,22,563419816724,24,577439257583,38,56,67,1369,82,6376,85,18,549400375865,In > Out
Feb 2020,51,57,16498,6,455090646649,60,39761963765,25,494852610414,40,53,60,1919,58,10958,29,427,415328682884,Out > In
Feb 2020,143,28,38534,14,76612306668,23,383075993659,26,459688300327,78,19,25,4524,25,21725,34,384,306463686991,In > Out
Feb 2020,117,66,13771,7,319439139733,51,50323290883,27,369762430616,77,19,51,2173,51,11730,60,49,269115848850,Out > In
Feb 2020,169,34,31701,9,231931650775,34,115472163431,28,347403814206,84,18,53,2147,27,17682,62,44,116459487344,Out > In
Feb 2020,94,30,37251,10,231454318533,36,102226594290,29,333680912823,125,4,32,3488,31,17240,16,1103,129227724243,Out > In
Feb 2020,2,127,909,83,2105122607,24,316391637966,30,318496760573,93,12,132,78,126,871,78,24,314286515359,In > Out
Feb 2020,44,26,40325,46,15988440423,26,267060359011,31,283048799434,137,2,87,887,39,15030,47,136,251071918588,In > Out
Feb 2020,197,29,37477,39,25002189645,27,250790528028,32,275792717673,3,197,28,4179,32,17207,42,171,225788338383,In > Out
Feb 2020,165,47,22300,8,233506049318,58,41527641917,33,275033691235,56,32,44,2563,38,15227,56,57,191978407401,Out > In
Feb 2020,125,64,14242,54,9526470938,29,225642708953,34,235169179891,62,29,41,2689,65,9770,18,670,216116238015,In > Out
Feb 2020,235,5,429186,59,5415359662,28,228864731744,35,234280091406,129,3,90,812,4,28233,136,3,223449372082,In > Out
Feb 2020,73,23,89962,22,49048556008,30,180255802947,36,229304358955,15,138,22,6400,26,18839,17,791,131207246939,In > Out
Feb 2020,74,31,36513,12,130283093341,41,69717505923,37,200000599264,27,92,29,3521,34,16061,39,304,60565587418,Out > In
Feb 2020,90,24,58091,33,36295874507,32,143153029999,38,179448904506,28,91,24,4677,23,22724,10,4280,106857155492,In > Out
Feb 2020,46,63,14542,56,8502420243,31,156639687492,39,165142107735,53,35,37,2785,68,8982,33,390,148137267249,In > Out
Feb 2020,184,27,40258,58,6152874720,33,125660573534,40,131813448254,104,9,23,4989,12,24575,57,54,119507698814,In > Out
Feb 2020,129,40,28218,37,25969086591,35,103995857369,41,129964943960,20,122,35,2834,40,14388,59,49,78026770778,In > Out
Feb 2020,104,52,19882,13,82269567251,57,43143278262,42,125412845513,49,42,56,2071,50,11762,90,15,39126288989,Out > In
Feb 2020,91,36,30961,41,23901317193,38,88253943927,43,112155261120,32,64,34,2915,29,17365,66,38,64352626734,In > Out
Feb 2020,250,33,32600,60,5330879647,37,97714051179,44,103044930826,95,11,52,2150,36,15572,58,52,92383171532,In > Out
Feb 2020,101,45,24598,21,50496833157,52,48887991271,45,99384824428,43,52,43,2576,35,15932,50,99,1608841886,Out > In
Feb 2020,181,25,46424,32,40032514357,48,55356180229,46,95388694586,26,93,26,4484,30,17294,2,8634,15323665872,In > Out
Feb 2020,7,43,25346,35,34764353966,49,53179587373,47,87943941339,63,28,39,2730,28,17409,76,29,18415233407,In > Out
Feb 2020,118,35,31359,52,11319866035,40,76563460089,48,87883326124,23,99,31,3501,37,15303,48,132,65243594054,In > Out
Feb 2020,198,48,21571,70,3885156033,39,78549855543,49,82435011576,149,1,45,2551,49,11902,53,84,74664699510,In > Out
Feb 2020,149,39,30006,45,16828283643,47,55733335062,50,72561618705,4,174,40,2718,42,13634,79,22,38905051419,In > Out
Feb 2020,99,54,17074,51,11348886425,44,60967212063,51,72316098488,55,33,46,2257,57,11018,61,45,49618325638,In > Out
Feb 2020,178,89,6096,86,1884592038,42,68358215249,52,70242807287,74,21,81,974,90,5052,105,6,66473623211,In > Out
Feb 2020,225,32,35201,49,13669280262,50,52872907667,53,66542187929,34,60,27,4208,33,17117,6,4870,39203627405,In > Out
Feb 2020,56,50,21457,62,4993611222,43,61460085057,54,66453696279,45,50,55,2113,44,13069,88,16,56466473835,In > Out
Feb 2020,168,44,24938,25,45239774001,81,18336173170,55,63575947171,42,52,33,3094,48,12238,5,4980,26903600831,Out > In
Feb 2020,234,58,15968,81,2248718401,45,58686209572,56,60934927973,41,53,62,1821,53,11334,68,36,56437491171,In > Out
Feb 2020,204,82,8740,77,2710830699,46,57631639051,57,60342469750,68,26,66,1384,81,6770,52,90,54920808352,In > Out
Feb 2020,130,41,26613,53,10634620225,54,46982704078,58,57617324303,30,69,36,2789,41,13718,81,21,36348083853,In > Out
Feb 2020,119,56,16625,38,25611617151,68,30672165033,59,56283782184,33,63,49,2202,52,11672,45,145,5060547882,In > Out
Feb 2020,65,79,9239,75,3019879524,53,47548208183,60,50568087707,59,30,65,1546,80,6831,31,401,44528328659,In > Out
Feb 2020,221,42,26415,47,15419285830,64,31925362326,61,47344648156,37,56,30,3513,47,12296,7,4771,16506076496,In > Out
Feb 2020,4,65,13970,85,1899100483,56,45199901058,62,47099001541,89,14,75,1186,54,11139,96,10,43300800575,In > Out
Feb 2020,246,46,22466,91,1276097089,55,45261344432,63,46537441521,29,85,70,1267,45,12947,133,3,43985247343,In > Out
Feb 2020,103,97,5227,40,24899163402,76,21309708710,64,46208872112,96,10,83,963,94,4796,72,31,3589454692,Out > In
Feb 2020,85,61,15287,63,4982172161,61,38481057900,65,43463230061,25,93,58,1964,64,9974,86,17,33498885739,In > Out
Feb 2020,48,74,10385,87,1851632922,59,41400443974,66,43252076896,128,3,99,615,74,7681,54,75,39548811052,In > Out
Feb 2020,215,51,20086,55,9017709273,66,30857973222,67,39875682495,35,57,38,2766,59,10697,8,4727,21840263949,In > Out
Feb 2020,29,55,16799,78,2550571405,62,33334622917,68,35885194322,79,19,48,2231,56,11053,65,39,30784051512,In > Out
Feb 2020,156,76,9884,42,22483741342,86,13080488820,69,35564230162,61,29,71,1226,77,7372,84,18,9403252522,Out > In
Feb 2020,150,49,21521,50,11376264408,75,23349881949,70,34726146357,57,32,47,2241,60,10495,4,5078,11973617541,In > Out
Feb 2020,45,101,3877,89,1739933580,63,32526774095,71,34266707675,136,2,89,858,100,3450,49,111,30786840515,In > Out
Feb 2020,170,60,15381,76,2817237858,67,30827770379,72,33645008237,48,42,57,2010,61,10490,89,16,28010532521,In > Out
Feb 2020,89,53,17930,69,4235839754,70,28546467243,73,32782306997,39,54,54,2136,55,11105,77,28,24310627489,In > Out
Feb 2020,82,69,11161,96,1095227152,65,31619705500,74,32714932652,47,43,63,1713,71,8525,73,30,30524478348,In > Out
Feb 2020,179,78,9696,61,5219194373,72,26760942659,75,31980137032,81,19,50,2199,83,5871,13,2096,21541748286,In > Out
Feb 2020,154,72,10934,67,4331714241,71,27123744658,76,31455458899,50,41,68,1341,66,9260,75,29,22792030417,In > Out
Feb 2020,92,59,15960,65,4623931684,73,26756104830,77,31380036514,31,67,72,1226,62,10108,74,30,22132173146,In > Out
Feb 2020,110,115,1983,121,222865638,74,26640843445,78,26863709083,124,4,109,435,113,1859,127,3,26417977807,In > Out
Feb 2020,122,83,8142,57,6486472490,80,18913588239,79,25400060729,88,14,73,1223,84,5781,21,639,12427115749,In > Out
Feb 2020,83,67,13480,84,2099773694,78,19491844021,80,21591617715,69,25,61,1915,67,9249,83,19,17392070327,In > Out
Feb 2020,241,71,11039,73,3358941474,82,18023218282,81,21382159756,82,19,88,876,69,8683,101,7,14664276808,In > Out
Feb 2020,54,81,8879,111,529862019,77,20531224554,82,21061086573,22,108,93,742,76,7402,142,2,20001362535,In > Out
Feb 2020,236,73,10881,64,4798935540,84,15359649071,83,20158584611,157,1,59,1935,70,8676,70,36,10560713531,In > Out
Feb 2020,80,95,5353,104,613823014,79,19187964081,84,19801787095,107,8,80,1011,95,4661,87,17,18574141067,In > Out
Feb 2020,208,119,1646,44,18016611497,121,1713137117,85,19729748614,44,50,125,124,118,1598,145,2,16303474380,Out > In
Feb 2020,52,90,5979,97,1021862116,83,16895233753,86,17917095869,46,44,77,1140,89,5137,80,21,15873371637,In > Out
Feb 2020,141,85,7404,68,4250132533,89,11286258979,87,15536391512,51,37,69,1314,85,5671,104,6,7036126446,In > Out
Feb 2020,224,93,5515,80,2378235542,87,12987973317,88,15366208859,87,15,101,601,91,5019,110,5,10609737775,In > Out
Feb 2020,196,94,5391,110,548456674,85,14238757490,89,14787214164,73,23,104,574,97,4329,100,8,13690300816,In > Out
Feb 2020,153,62,14959,74,3092916896,90,10838961788,90,13931878684,94,11,91,782,63,10042,97,10,7746044892,In > Out
Feb 2020,146,77,9860,101,861837979,88,11302241801,91,12164079780,71,23,64,1669,78,7303,40,227,10440403822,In > Out
Feb 2020,180,75,10188,92,1182740786,92,9466014650,92,10648755436,54,34,85,941,75,7597,103,6,8283273864,In > Out
Feb 2020,84,87,6678,109,552677371,91,10031003337,93,10583680708,158,1,84,949,88,5513,109,5,9478325966,In > Out
Feb 2020,155,100,4217,66,4411151857,108,5316358244,94,9727510101,60,29,76,1161,128,776,11,3298,905206387,In > Out
Feb 2020,55,107,2889,93,1162433016,95,8043707686,95,9206140702,103,9,105,549,105,2736,107,6,6881274670,In > Out
Feb 2020,209,132,483,131,96924123,93,9062426163,96,9159350286,108,8,130,99,132,477,132,3,8965502040,In > Out
Feb 2020,77,102,3859,112,464432885,94,8130633378,97,8595066263,119,5,100,602,104,2763,91,15,7666200493,In > Out
Feb 2020,63,88,6415,105,611822468,97,7890299226,98,8502121694,90,14,97,670,87,5523,122,4,7278476758,In > Out
Feb 2020,159,68,11737,82,2174643747,104,6286479009,99,8461122756,67,26,79,1042,72,8440,67,38,4111835262,In > Out
Feb 2020,191,92,5825,108,583284444,98,7679791160,100,8263075604,105,9,103,577,93,4800,106,6,7096506716,In > Out
Feb 2020,106,125,1023,122,210098516,96,8036419832,101,8246518348,148,1,120,219,122,999,147,2,7826321316,In > Out
Feb 2020,100,70,11070,88,1774969260,103,6342483137,102,8117452397,80,19,82,964,73,8080,55,59,4567513877,In > Out
Feb 2020,58,104,3119,102,827874901,100,7040856409,103,7868731310,106,9,92,751,103,2805,98,10,6212981508,In > Out
Feb 2020,167,86,6914,94,1127801593,102,6638261039,104,7766062632,76,20,86,919,86,5584,82,21,5510459446,In > Out
Feb 2020,145,99,4621,126,166948819,99,7158773532,105,7325722351,64,27,114,324,99,3997,143,2,6991824713,In > Out
Feb 2020,173,106,2916,117,357983909,101,6959263543,106,7317247452,112,8,98,657,106,2689,116,4,6601279634,In > Out
Feb 2020,239,113,2199,99,1004028584,105,5958375432,107,6962404016,66,26,112,381,115,1840,112,5,4954346848,In > Out
Feb 2020,166,91,5833,90,1337854263,106,5436694788,108,6774549051,70,24,78,1048,92,4929,102,6,4098840525,In > Out
Feb 2020,115,96,5264,98,1007081520,110,4946996533,109,5954078053,65,27,102,592,96,4515,99,8,3939915013,In > Out
Feb 2020,120,98,4797,106,606991224,109,5293230579,110,5900221803,92,12,95,714,98,4271,130,3,4686239355,In > Out
Feb 2020,144,80,9195,103,743505893,111,4843690675,111,5587196568,91,14,74,1191,79,7084,114,5,4100184782,In > Out
Feb 2020,14,108,2803,123,205913294,107,5376570676,112,5582483970,97,10,107,462,107,2633,51,99,5170657382,In > Out
Feb 2020,59,118,1725,71,3857384655,126,1351469305,113,5208853960,121,5,126,120,117,1634,46,141,2505915350,Out > In
Feb 2020,9,105,3043,120,255859915,112,4823036725,114,5078896640,83,18,96,697,102,2808,115,4,4567176810,In > Out
Feb 2020,212,146,42,72,3652685937,136,501587066,115,4154273003,167,1,138,37,167,1,63,42,3151098871,Out > In
Feb 2020,57,126,940,79,2393773035,124,1481939559,116,3875712594,75,20,122,146,124,921,113,5,911833476,Out > In
Feb 2020,175,130,604,118,355440324,114,3500834405,117,3856274729,130,3,123,138,130,597,64,41,3145394081,In > Out
Feb 2020,138,114,2035,137,73139644,113,3742886754,118,3816026398,117,6,116,293,116,1789,144,2,3669747110,In > Out
Feb 2020,6,103,3354,114,384754766,115,3310166210,119,3694920976,99,10,94,718,101,3064,117,4,2925411444,In > Out
Feb 2020,190,109,2656,139,38669882,116,3015071122,120,3053741004,58,31,129,107,109,2258,41,216,2976401240,In > Out
Feb 2020,75,116,1980,124,199072898,117,2208140314,121,2407213212,120,5,119,219,112,1903,140,3,2009067416,In > Out
Feb 2020,81,133,359,95,1120761400,130,1117028104,122,2237789504,100,10,136,42,133,357,125,4,3733296,Out > In
Feb 2020,203,111,2301,115,383728652,120,1735252612,123,2118981264,113,8,108,461,110,2165,118,4,1351523960,In > Out
Feb 2020,214,110,2541,129,133285586,118,1960564611,124,2093850197,116,6,111,392,108,2404,139,3,1827279025,In > Out
Feb 2020,164,112,2241,128,149685306,119,1818205238,125,1967890544,86,16,106,518,111,2158,111,5,1668519932,In > Out
Feb 2020,183,121,1217,119,345949388,123,1609893453,126,1955842841,109,8,121,168,123,970,120,4,1263944065,In > Out
Feb 2020,0,123,1161,135,79167194,122,1685577311,127,1764744505,159,1,117,262,121,1140,129,3,1606410117,In > Out
Feb 2020,207,124,1102,116,358019081,129,1139137717,128,1497156798,110,8,113,346,125,910,44,151,781118636,In > Out
Feb 2020,200,117,1909,134,79661261,125,1361795642,129,1441456903,52,35,131,89,114,1845,128,3,1282134381,In > Out
Feb 2020,174,129,780,132,94285429,127,1288030019,130,1382315448,123,4,118,231,129,667,131,3,1193744590,In > Out
Feb 2020,176,120,1271,136,76283381,128,1167850830,131,1244134211,115,6,110,404,119,1227,137,3,1091567449,In > Out
Feb 2020,157,164,6,100,874656181,146,206029085,132,1080685266,168,1,163,2,159,6,108,5,668627096,Out > In
Feb 2020,11,122,1170,133,91473426,131,806642395,133,898115821,111,8,115,319,120,1165,146,2,715168969,In > Out
Feb 2020,96,147,32,107,600191136,142,247137592,134,847328728,132,3,140,27,163,4,71,32,353053544,Out > In
Feb 2020,248,136,283,143,15793261,132,749205278,135,764998539,138,2,133,71,136,276,149,2,733412017,In > Out
Feb 2020,35,128,868,140,26376551,133,691453556,136,717830107,72,23,137,39,127,860,121,4,665077005,In > Out
Feb 2020,5,135,286,141,20717181,134,668168692,137,688885873,114,6,127,116,134,278,93,13,647451511,In > Out
Feb 2020,242,137,213,127,151054038,137,496185031,138,647239069,118,6,139,36,137,211,95,11,345130993,In > Out
Feb 2020,226,134,298,142,17845189,135,522817475,139,540662664,127,3,128,110,135,276,148,2,504972286,In > Out
Feb 2020,53,151,17,113,421473307,149,80664996,140,502138303,150,1,149,8,149,17,92,15,340808311,Out > In
Feb 2020,172,145,47,144,13663272,138,415187453,141,428850725,151,1,145,9,145,47,152,2,401524181,In > Out
Feb 2020,177,140,110,125,168080026,145,208113872,142,376193898,139,2,141,23,140,109,126,4,40033846,In > Out
Feb 2020,3,131,507,130,122193472,143,239254357,143,361447829,126,4,144,15,131,490,123,4,117060885,In > Out
Feb 2020,23,142,90,145,9124566,139,350698035,144,359822601,153,1,146,9,142,90,161,1,341573469,In > Out
Feb 2020,22,138,175,147,7604340,140,330854287,145,338458627,154,1,134,56,138,164,150,2,323249947,In > Out
Feb 2020,222,159,7,150,5725272,141,317134626,146,322859898,155,1,153,6,158,6,159,2,311409354,In > Out
Feb 2020,126,155,11,155,1052077,144,231336834,147,232388911,131,3,151,6,152,11,156,2,230284757,In > Out
Feb 2020,21,139,116,151,5590013,147,172582496,148,178172509,102,10,135,55,139,116,151,2,166992483,In > Out
Feb 2020,192,141,106,148,6474579,148,154250079,149,160724658,133,3,142,19,141,106,124,4,147775500,In > Out
Feb 2020,102,143,81,138,72956353,152,38416354,150,111372707,134,3,143,17,143,71,94,12,34539999,Out > In
Feb 2020,10,154,11,162,346131,150,61078795,151,61424926,140,2,155,4,154,11,138,3,60732664,In > Out
Feb 2020,50,150,19,154,1098468,151,55335387,152,56433855,141,2,147,8,147,19,153,2,54236919,In > Out
Feb 2020,151,166,4,157,764834,153,23210638,153,23975472,160,1,157,4,164,4,141,2,22445804,In > Out
Feb 2020,47,160,7,163,337496,154,21991850,154,22329346,161,1,158,4,156,7,157,2,21654354,In > Out
Feb 2020,135,144,66,160,505874,155,21116405,155,21622279,142,2,150,7,144,57,134,3,20610531,In > Out
Feb 2020,13,152,14,152,1494071,156,17965698,156,19459769,143,2,148,8,150,14,154,2,16471627,In > Out
Feb 2020,86,165,5,146,8108875,159,9083931,157,17192806,144,2,160,2,162,5,160,2,975056,In > Out
Feb 2020,114,156,11,153,1164176,157,14754552,158,15918728,162,1,154,6,153,11,135,3,13590376,In > Out
Feb 2020,109,158,8,156,874402,158,14344654,159,15219056,145,2,161,2,165,4,119,4,13470252,In > Out
Feb 2020,43,168,1,149,6125525,170,63857,160,6189382,163,1,166,1,169,1,164,1,6061668,Out > In
Feb 2020,40,148,22,166,141725,160,5947196,161,6088921,135,3,156,4,146,22,166,1,5805471,In > Out
Feb 2020,88,157,9,164,242309,161,5594379,162,5836688,164,1,167,1,155,9,168,1,5352070,In > Out
Feb 2020,26,149,19,168,54467,162,3900635,163,3955102,146,2,159,3,148,19,167,1,3846168,In > Out
Feb 2020,19,153,13,167,109563,163,2998850,164,3108413,147,2,162,2,151,13,155,2,2889287,In > Out
Feb 2020,25,162,6,158,528445,164,1722546,165,2250991,165,1,152,6,157,6,158,2,1194101,In > Out
Feb 2020,72,161,6,159,518432,165,852685,166,1371117,166,1,168,1,161,6,170,1,334253,In > Out
Feb 2020,163,167,3,169,53717,166,800725,167,854442,169,1,169,1,166,3,162,1,747008,In > Out
Feb 2020,111,169,1,161,444400,168,394400,168,838800,156,1,165,1,168,1,163,1,50000,Out > In
Feb 2020,199,163,6,165,214243,167,510777,169,725020,152,1,164,1,160,6,169,1,296534,In > Out
Feb 2020,185,170,1,170,1260,169,165060,170,166320,170,1,170,1,170,1,165,1,163800,In > Out
Apr 2020,213,1,7157499,1,4043751660934,1,44167966820957,1,48211718481891,1,254,1,145597,2,47732,1,37227,40124215160023,In > Out
Apr 2020,160,2,3754053,2,2170801625517,2,12536639631608,2,14707441257125,21,91,2,65964,1,59131,2,5386,10365838006091,In > Out
Apr 2020,256,4,412822,6,154818803636,3,2935906795572,3,3090725599208,86,10,3,18489,3,34346,7,1930,2781087991936,In > Out
Apr 2020,49,5,300623,7,105887886475,4,1088576781607,4,1194464668082,65,16,23,4491,4,30067,37,213,982688895132,In > Out
Apr 2020,143,7,105912,13,44348462138,5,1065879315533,5,1110227777671,61,19,18,5805,8,23471,43,133,1021530853395,In > Out
Apr 2020,2,115,1231,58,4571395919,6,836644551503,6,841215947422,79,12,124,89,114,1195,74,16,832073155584,In > Out
Apr 2020,46,28,33699,33,16970886952,7,758823949653,7,775794836605,82,11,28,2464,6,25935,25,435,741853062701,In > Out
Apr 2020,169,27,41800,4,199845761804,13,471612123706,8,671457885510,78,12,30,2186,26,19436,50,108,271766361902,In > Out
Apr 2020,206,121,977,38,13178462288,8,610893947981,9,624072410269,90,9,94,242,121,875,71,17,597715485693,In > Out
Apr 2020,161,11,80228,16,42077400290,10,561921410690,10,603998810980,5,155,7,7430,19,21373,13,1176,519844010400,In > Out
Apr 2020,79,104,1967,60,4063483362,9,593370961173,11,597434444535,104,6,118,120,101,1870,52,85,589307477811,In > Out
Apr 2020,229,6,115057,27,26451362156,11,524571876673,12,551023238829,13,132,9,7159,16,21667,11,1537,498120514517,In > Out
Apr 2020,127,8,87994,14,44073655137,12,495585428029,13,539659083166,4,160,8,7312,10,23199,15,837,451511772892,In > Out
Apr 2020,228,14,74285,15,42186269751,15,433510025992,14,475696295743,16,123,14,6435,9,23241,24,441,391323756241,In > Out
Apr 2020,128,21,63185,12,47777698445,16,425360963995,15,473138662440,18,112,12,6510,20,21322,32,318,377583265550,In > Out
Apr 2020,131,15,74077,18,36740355948,18,420856692835,16,457597048783,10,139,16,6371,25,19654,26,429,384116336887,In > Out
Apr 2020,124,20,64936,19,35767198870,19,418835678485,17,454602877355,6,153,13,6461,11,22035,28,394,383068479615,In > Out
Apr 2020,221,56,9955,42,10825589965,14,438012509552,18,448838099517,40,32,51,983,57,7866,35,268,427186919587,In > Out
Apr 2020,70,18,67071,20,35236138886,20,413447879364,19,448684018250,17,117,17,6084,24,20006,30,386,378211740478,In > Out
Apr 2020,235,3,813521,41,11138130402,17,424167396097,20,435305526499,134,2,46,1165,5,28232,134,2,413029265695,In > Out
Apr 2020,73,9,82160,10,58568191113,23,370646608141,21,429214799254,20,103,21,4560,27,18583,33,316,312078417028,In > Out
Apr 2020,133,12,79748,11,48987847573,22,377085932227,22,426073779800,15,127,6,7638,17,21541,12,1210,328098084654,In > Out
Apr 2020,123,16,72178,30,20597889549,21,392212590433,23,412810479982,11,137,15,6399,21,21160,21,564,371614700884,In > Out
Apr 2020,98,13,74327,24,29084265961,24,369446442295,24,398530708256,12,137,5,8015,13,21979,5,2276,340362176334,In > Out
Apr 2020,195,23,56950,25,28101053178,25,366382126532,25,394483179710,2,176,20,5790,7,23500,34,294,338281073354,In > Out
Apr 2020,210,100,2220,3,312105822409,41,79719305076,26,391825127485,129,2,41,1357,160,1,6,2066,232386517333,Out > In
Apr 2020,171,22,63182,29,23090567877,26,359975137485,27,383065705362,9,142,10,6620,14,21848,14,944,336884569608,In > Out
Apr 2020,132,19,66082,26,28003585880,27,349892548598,28,377896134478,7,152,11,6531,12,21995,29,389,321888962718,In > Out
Apr 2020,134,17,71429,28,23505052192,28,329490265111,29,352995317303,8,143,4,8462,18,21525,4,2319,305985212919,In > Out
Apr 2020,112,24,55363,31,17885686301,29,308312470875,30,326198157176,14,128,19,5796,23,20292,31,319,290426784574,In > Out
Apr 2020,48,10,80958,54,5558504409,30,296247707615,31,301806212024,139,1,86,306,29,16274,64,26,290689203206,In > Out
Apr 2020,59,67,6101,5,181813294803,36,111541940216,32,293355235019,108,5,69,617,69,4803,8,1758,70271354587,Out > In
Apr 2020,45,72,5775,45,9944210635,31,207740254254,33,217684464889,145,1,52,974,70,4733,41,162,197796043619,In > Out
Apr 2020,94,26,50106,22,31537709704,32,183958761986,34,215496471690,113,4,22,4496,22,20777,9,1621,152421052282,In > Out
Apr 2020,16,25,55062,53,5690480710,33,182007447652,35,187697928362,84,10,42,1301,15,21711,66,25,176316966942,In > Out
Apr 2020,90,33,24691,8,79125220342,37,103166691605,36,182291911947,29,51,32,2045,30,15312,23,500,24041471263,In > Out
Apr 2020,197,35,24230,37,13860002954,34,161417795431,37,175277798385,3,171,25,3057,32,14301,44,133,147557792477,In > Out
Apr 2020,85,45,15649,9,71014792839,48,55716862793,38,126731655632,22,83,31,2060,46,10163,63,30,15297930046,Out > In
Apr 2020,184,29,29268,62,3799835718,35,119381461442,39,123181297160,89,9,26,3038,28,18485,48,124,115581625724,In > Out
Apr 2020,119,51,12082,50,7291902502,38,101210657736,40,108502560238,28,51,72,546,49,9569,69,19,93918755234,In > Out
Apr 2020,118,38,20772,52,5815213142,39,97144575527,41,102959788669,24,69,35,1610,39,11681,22,530,91329362385,In > Out
Apr 2020,198,31,24901,66,3439304659,40,93568999650,42,97008304309,151,1,27,2483,37,12574,40,168,90129694991,In > Out
Apr 2020,74,37,21030,21,34445016273,51,51550092525,43,85995108798,26,59,29,2310,33,13518,57,54,17105076252,In > Out
Apr 2020,101,32,24849,23,29963007635,47,55761881357,44,85724888992,44,29,24,3388,45,10476,3,3180,25798873722,In > Out
Apr 2020,181,41,17502,35,16176431648,44,64084699334,45,80261130982,27,56,55,904,42,11050,60,44,47908267686,In > Out
Apr 2020,239,62,7385,82,1344291690,42,75039147740,46,76383439430,53,24,106,151,105,1555,140,2,73694856050,In > Out
Apr 2020,204,80,4168,69,2768608814,43,70765933797,47,73534542611,131,2,63,695,77,3792,51,99,67997324983,In > Out
Apr 2020,117,54,11173,17,37165119692,62,32481454770,48,69646574462,62,18,33,2031,47,9833,67,21,4683664922,Out > In
Apr 2020,92,44,15702,77,1639960379,45,61131935224,49,62771895603,31,43,74,483,41,11183,68,21,59491974845,In > Out
Apr 2020,250,57,9747,80,1431180511,46,58152348741,50,59583529252,88,9,84,333,59,7406,87,8,56721168230,In > Out
Apr 2020,4,47,13563,67,3311135469,49,53136576026,51,56447711495,80,12,44,1254,44,10651,73,17,49825440557,In > Out
Apr 2020,51,43,16380,64,3612758044,50,52280911851,52,55893669895,32,42,36,1583,43,10916,19,747,48668153807,In > Out
Apr 2020,165,42,17494,56,5274765708,52,50402616099,53,55677381807,63,18,37,1559,38,12287,53,83,45127850391,In > Out
Apr 2020,91,53,11316,55,5393001407,55,44489112539,54,49882113946,30,43,60,735,52,9008,72,17,39096111132,In > Out
Apr 2020,104,50,12109,63,3651135387,53,45870767258,55,49521902645,50,27,59,758,54,8603,80,11,42219631871,In > Out
Apr 2020,122,77,4852,46,9508165807,57,37603420068,56,47111585875,81,12,54,906,71,4409,54,70,28095254261,In > Out
Apr 2020,99,52,11905,75,1994466858,56,44246148233,57,46240615091,52,24,40,1380,51,9115,55,61,42251681375,In > Out
Apr 2020,246,70,6003,85,1114223391,54,44787439395,58,45901662786,23,77,90,277,85,3160,136,2,43673216004,In > Out
Apr 2020,225,40,18776,32,17067877276,67,27399271059,59,44467148335,54,23,68,632,35,13202,47,129,10331393783,In > Out
Apr 2020,179,76,4876,39,12927913268,63,31130151725,60,44058064993,75,13,57,873,81,3454,16,784,18202238457,In > Out
Apr 2020,130,34,24314,36,14224641967,66,27740499399,61,41965141366,38,34,38,1558,34,13251,76,14,13515857432,In > Out
Apr 2020,129,49,12493,73,2231748915,58,37578059518,62,39809808433,35,39,49,1031,53,8825,77,13,35346310603,In > Out
Apr 2020,7,58,9260,47,8992048544,64,30258900247,63,39250948791,51,24,39,1492,55,8165,58,53,21266851703,In > Out
Apr 2020,89,48,13172,57,4976449117,61,33158334931,64,38134784048,36,38,47,1105,50,9182,70,18,28181885814,In > Out
Apr 2020,215,60,8539,40,12797384811,70,24746317198,65,37543702009,47,28,50,998,60,6243,18,753,11948932387,In > Out
Apr 2020,138,89,3237,95,599951476,59,34869782899,66,35469734375,111,4,97,215,91,2671,148,2,34269831423,In > Out
Apr 2020,142,30,28805,84,1203782641,60,33160228465,67,34364011106,25,60,119,119,36,13059,10,1582,31956445824,In > Out
Apr 2020,29,39,18843,51,6980094752,69,24913478506,68,31893573258,109,5,34,1867,40,11332,84,8,17933383754,In > Out
Apr 2020,150,46,14214,43,10821660454,72,20952234113,69,31773894567,59,22,43,1280,48,9675,27,406,10130573659,In > Out
Apr 2020,159,79,4427,81,1395396601,65,29356053423,70,30751450024,67,15,73,531,75,3932,95,5,27960656822,In > Out
Apr 2020,125,110,1425,34,16231531174,87,12053054107,71,28284585281,92,8,99,194,110,1364,105,4,4178477067,Out > In
Apr 2020,52,90,3210,103,457539104,68,26888261490,72,27345800594,37,35,82,354,88,2907,42,141,26430722386,In > Out
Apr 2020,156,69,6075,49,8124276888,77,18435882627,73,26560159515,68,15,56,878,67,5074,107,4,10311605739,In > Out
Apr 2020,44,116,1184,68,3220204638,74,20072037976,74,23292242614,143,1,89,286,115,1133,79,11,16851833338,In > Out
Apr 2020,145,88,3382,106,355229721,71,22242264054,75,22597493775,64,18,112,131,87,2916,137,2,21887034333,In > Out
Apr 2020,234,59,9230,65,3562521949,76,18882770982,76,22445292931,43,32,53,965,58,7489,62,38,15320249033,In > Out
Apr 2020,168,63,6940,44,10227113354,86,12206396549,77,22433509903,39,33,48,1047,66,5113,17,777,1979283195,In > Out
Apr 2020,83,85,3666,78,1558232981,73,20853260043,78,22411493024,66,15,91,273,84,3227,88,7,19295027062,In > Out
Apr 2020,56,55,10201,72,2277470708,75,19325713120,79,21603183828,42,32,61,726,56,8141,92,6,17048242412,In > Out
Apr 2020,149,61,7983,61,3928098488,81,17327139061,80,21255237549,60,20,67,640,61,6084,36,249,13399040573,In > Out
Apr 2020,155,71,5927,88,980415270,82,17160162945,81,18140578215,46,28,92,273,74,4355,20,727,16179747675,In > Out
Apr 2020,178,64,6797,76,1904963809,83,16211350322,82,18116314131,73,14,62,704,62,5572,98,5,14306386513,In > Out
Apr 2020,200,73,5428,110,332399407,78,17729974635,83,18062374042,34,41,109,142,68,4945,106,4,17397575228,In > Out
Apr 2020,209,101,2088,113,288239856,79,17442166146,84,17730406002,101,6,101,177,100,1871,45,132,17153926290,In > Out
Apr 2020,196,97,2642,112,302638252,80,17375580903,85,17678219155,55,23,117,121,98,2063,147,2,17072942651,In > Out
Apr 2020,82,78,4558,79,1472180625,84,14634724533,86,16106905158,56,23,58,830,76,3838,49,117,13162543908,In > Out
Apr 2020,208,107,1612,96,580948648,85,14149935005,87,14730883653,33,41,110,140,106,1542,104,4,13568986357,In > Out
Apr 2020,115,65,6229,89,900734677,88,11893716143,88,12794450820,49,27,87,304,65,5262,110,4,10992981466,In > Out
Apr 2020,170,68,6086,74,2108358357,92,10120430636,89,12228788993,45,28,75,444,64,5323,75,14,8012072279,In > Out
Apr 2020,180,74,5150,83,1289352992,91,10666644031,90,11955997023,57,22,70,587,72,4400,112,3,9377291039,In > Out
Apr 2020,141,87,3432,108,338089001,89,10879631621,91,11217720622,71,14,98,214,86,3139,103,4,10541542620,In > Out
Apr 2020,54,103,2044,124,151773161,90,10848792468,92,11000565629,19,105,128,71,99,1960,138,2,10697019307,In > Out
Apr 2020,167,75,5056,92,767277235,93,9343622186,93,10110899421,77,13,66,654,73,4380,113,3,8576344951,In > Out
Apr 2020,154,66,6151,102,462128257,94,9286611552,94,9748739809,48,27,85,320,63,5348,135,2,8824483295,In > Out
Apr 2020,212,138,198,48,8860649882,140,430778808,95,9291428690,148,1,121,103,158,1,39,197,8429871074,Out > In
Apr 2020,9,99,2337,115,219843886,95,8955513096,96,9175356982,76,13,77,396,97,2177,99,5,8735669210,In > Out
Apr 2020,65,98,2587,98,520261971,96,8352372244,97,8872634215,93,8,81,370,96,2396,102,4,7832110273,In > Out
Apr 2020,81,120,1042,59,4305810476,112,3990978062,98,8296788538,83,10,135,46,119,1023,115,3,314832414,Out > In
Apr 2020,166,86,3601,93,680518891,97,7519241619,99,8199760510,74,13,71,552,82,3262,97,5,6838722728,In > Out
Apr 2020,35,124,871,123,157480881,98,7282587750,100,7440068631,58,22,130,64,122,863,108,4,7125106869,In > Out
Apr 2020,84,117,1155,101,464783887,99,6936894313,101,7401678200,164,1,93,270,116,1123,82,10,6472110426,In > Out
Apr 2020,242,36,21744,90,790909899,101,6303509410,102,7094419309,112,4,45,1237,31,15079,127,2,5512599511,In > Out
Apr 2020,77,94,2783,86,1051144351,104,5626628030,103,6677772381,107,5,65,660,93,2574,65,25,4575483679,In > Out
Apr 2020,13,142,99,142,20455552,100,6392426512,104,6412882064,132,2,148,8,140,99,126,2,6371970960,In > Out
Apr 2020,146,91,3203,104,414487850,103,5995539486,105,6410027336,72,14,80,372,89,2905,83,9,5581051636,In > Out
Apr 2020,63,119,1069,131,83648172,102,6289266803,106,6372914975,97,7,113,127,118,1043,149,2,6205618631,In > Out
Apr 2020,236,93,2790,87,1016917187,109,4943339181,107,5960256368,163,1,64,682,92,2602,85,8,3926421994,In > Out
Apr 2020,100,81,3951,70,2417148566,116,3329023513,108,5746172079,94,8,83,346,79,3490,61,39,911874947,In > Out
Apr 2020,173,109,1482,111,320838033,105,5376299366,109,5697137399,133,2,115,123,109,1379,143,2,5055461333,In > Out
Apr 2020,103,83,3918,91,768859489,110,4885021216,110,5653880705,91,9,78,391,78,3750,96,5,4116161727,In > Out
Apr 2020,207,102,2065,100,513838250,106,5054209501,111,5568047751,102,6,95,239,103,1862,46,131,4540371251,In > Out
Apr 2020,164,96,2650,121,166574088,107,5010914219,112,5177488307,69,15,76,401,94,2530,111,4,4844340131,In > Out
Apr 2020,120,111,1406,130,89404957,108,4987640515,113,5077045472,105,5,127,75,108,1382,142,2,4898235558,In > Out
Apr 2020,57,123,872,71,2364460681,123,2496027766,114,4860488447,70,15,108,142,123,841,109,4,131567085,In > Out
Apr 2020,191,82,3920,99,518438421,111,4044205332,115,4562643753,103,6,111,138,80,3455,86,8,3525766911,In > Out
Apr 2020,5,122,909,128,96463280,113,3531792582,116,3628255862,95,8,88,295,120,881,90,7,3435329302,In > Out
Apr 2020,241,92,3070,94,602301052,118,2993507698,117,3595808750,87,10,103,166,90,2866,119,3,2391206646,In > Out
Apr 2020,224,118,1151,129,89496233,114,3341242836,118,3430739069,106,5,123,92,117,1119,114,3,3251746603,In > Out
Apr 2020,190,84,3907,136,42550162,115,3330881883,119,3373432045,41,32,114,123,83,3253,38,211,3288331721,In > Out
Apr 2020,58,105,1937,107,349959544,119,2947890950,120,3297850494,98,7,104,163,102,1869,139,2,2597931406,In > Out
Apr 2020,203,95,2719,97,563937329,121,2720545343,121,3284482672,114,4,79,380,95,2507,89,7,2156608014,In > Out
Apr 2020,14,106,1724,126,109497565,117,3100003587,122,3209501152,96,8,96,230,104,1666,78,11,2990506022,In > Out
Apr 2020,6,108,1495,135,63513760,120,2910794128,123,2974307888,85,10,120,117,107,1452,141,2,2847280368,In > Out
Apr 2020,183,125,849,116,214611796,122,2559437137,124,2774048933,115,4,105,161,125,820,100,5,2344825341,In > Out
Apr 2020,80,130,621,117,206721529,124,2373972688,125,2580694217,120,3,102,172,128,614,91,6,2167251159,In > Out
Apr 2020,75,112,1370,118,188713449,125,2109698835,126,2298412284,152,1,116,122,112,1344,145,2,1920985386,In > Out
Apr 2020,214,131,561,138,32091572,126,1992358586,127,2024450158,122,3,136,43,130,557,152,2,1960267014,In > Out
Apr 2020,144,137,204,141,26581335,127,1914276672,128,1940858007,116,4,134,47,135,201,122,2,1887695337,In > Out
Apr 2020,110,128,708,139,29096393,128,1733560540,129,1762656933,110,4,125,81,127,686,151,2,1704464147,In > Out
Apr 2020,174,129,696,125,146175658,129,1298010140,130,1444185798,119,3,107,143,129,586,117,3,1151834482,In > Out
Apr 2020,248,134,255,143,15087257,130,1138965257,131,1154052514,135,2,131,63,133,250,121,2,1123878000,In > Out
Apr 2020,176,141,132,134,66507044,131,1039745921,132,1106252965,123,3,129,68,139,132,125,2,973238877,In > Out
Apr 2020,11,113,1352,122,160367328,132,889231045,133,1049598373,99,7,100,193,111,1348,144,2,728863717,In > Out
Apr 2020,55,127,722,132,80557304,133,873067059,134,953624363,118,4,122,94,126,706,150,2,792509755,In > Out
Apr 2020,22,136,227,145,12819901,134,851045149,135,863865050,140,1,137,41,136,195,123,2,838225248,In > Out
Apr 2020,3,114,1253,148,9476393,135,805127267,136,814603660,124,3,146,10,113,1201,146,2,795650874,In > Out
Apr 2020,21,139,176,140,26782995,136,775643491,137,802426486,100,7,132,62,137,175,124,2,748860496,In > Out
Apr 2020,172,133,307,137,32960133,137,621119201,138,654079334,136,2,138,38,132,301,153,2,588159068,In > Out
Apr 2020,175,132,352,133,80164153,139,522565535,139,602729688,125,3,126,78,131,349,94,5,442401382,In > Out
Apr 2020,23,140,133,146,12666828,138,560089374,140,572756202,144,1,143,22,138,133,154,1,547422546,In > Out
Apr 2020,96,148,60,105,388380468,146,118758664,141,507139132,126,3,140,32,155,4,56,60,269621804,Out > In
Apr 2020,226,145,70,149,7770342,141,349022462,142,356792804,146,1,141,29,143,70,128,2,341252120,In > Out
Apr 2020,60,151,47,109,333017690,151,15365329,143,348383019,147,1,142,26,159,1,59,47,317652361,Out > In
Apr 2020,192,135,243,144,14807150,142,246521750,144,261328900,117,4,144,17,134,240,118,3,231714600,In > Out
Apr 2020,151,126,836,114,236501555,150,22719489,145,259221044,137,2,139,36,124,825,116,3,213782066,Out > In
Apr 2020,114,143,86,120,172933273,147,58670768,146,231604041,149,1,133,47,141,84,93,6,114262505,Out > In
Apr 2020,43,160,3,119,184689211,153,12635847,147,197325058,150,1,153,3,161,1,120,3,172053364,Out > In
Apr 2020,10,152,18,151,844485,143,183411689,148,184256174,138,2,157,2,147,18,130,2,182567204,In > Out
Apr 2020,126,156,8,154,666751,144,153562868,149,154229619,121,3,151,5,151,8,131,2,152896117,In > Out
Apr 2020,102,144,85,127,96719423,148,52773110,150,149492533,153,1,147,10,142,76,81,11,43946313,Out > In
Apr 2020,153,147,64,150,2375428,145,134848754,151,137224182,154,1,145,17,144,64,129,2,132473326,In > Out
Apr 2020,50,153,16,153,667146,149,36654248,152,37321394,127,3,149,7,148,16,156,1,35987102,In > Out
Apr 2020,111,149,59,147,12438875,152,13002657,153,25441532,155,1,154,3,154,6,132,2,563782,In > Out
Apr 2020,19,146,66,158,166568,154,12310266,154,12476834,128,2,156,2,145,64,101,4,12143698,In > Out
Apr 2020,177,150,52,152,757235,155,7769216,155,8526451,156,1,161,1,146,52,155,1,7011981,In > Out
Apr 2020,40,158,6,159,162810,156,7084065,156,7246875,157,1,150,6,153,6,160,1,6921255,In > Out
Apr 2020,26,159,3,160,61665,157,5799401,157,5861066,130,2,152,3,156,3,133,2,5737736,In > Out
Apr 2020,88,157,7,156,206428,158,4274537,158,4480965,158,1,162,1,152,7,159,1,4068109,In > Out
Apr 2020,25,163,1,163,16607,159,3206658,159,3223265,159,1,163,1,165,1,165,1,3190051,In > Out
Apr 2020,199,154,14,155,606954,161,1048155,160,1655109,160,1,155,3,149,14,157,1,441201,In > Out
Apr 2020,86,155,9,161,33436,160,1256404,161,1289840,161,1,164,1,150,9,158,1,1222968,In > Out
Apr 2020,72,161,2,157,197338,163,321346,162,518684,165,1,166,1,157,2,161,1,124008,In > Out
Apr 2020,163,164,1,162,25259,162,441962,163,467221,141,1,160,1,164,1,164,1,416703,In > Out
Apr 2020,41,166,1,165,1331,164,198319,164,199650,162,1,165,1,166,1,166,1,196988,In > Out
Apr 2020,76,165,1,166,1206,165,134463,165,135669,166,1,158,1,162,1,162,1,133257,In > Out
Apr 2020,222,162,1,164,2382,166,102870,166,105252,142,1,159,1,163,1,163,1,100488,In > Out
Sept 2020,213,1,8034579,1,9168751547468,1,58943281258205,1,68112032805673,1,254,1,130969,2,45436,1,17877,49774529710737,In > Out
Sept 2020,160,2,5550226,2,5544543710879,2,28414245859349,2,33958789570228,20,91,2,82705,1,55191,2,5743,22869702148470,In > Out
Sept 2020,256,4,670757,7,477195488264,3,5639665574952,3,6116861063216,84,10,3,26659,3,33484,4,2057,5162470086688,In > Out
Sept 2020,49,5,545611,10,349458671977,4,4538451732516,4,4887910404493,66,16,5,8420,4,30949,7,1521,4188993060539,In > Out
Sept 2020,206,43,28900,39,39525574536,5,1781288967023,5,1820814541559,34,44,66,1009,54,13160,85,8,1741763392487,In > Out
Sept 2020,46,24,75667,19,82644580702,7,1416790192448,6,1499434773150,26,67,22,6540,31,18770,12,652,1334145611746,In > Out
Sept 2020,2,112,1697,58,12183214555,6,1468077918543,7,1480261133098,71,14,119,112,111,1588,55,44,1455894703988,In > Out
Sept 2020,210,116,1320,3,1020362424591,31,339925597206,8,1360288021797,126,2,71,922,153,1,8,1273,680436827385,Out > In
Sept 2020,131,10,107940,18,83275543021,8,1267310859493,9,1350586402514,12,139,4,8724,12,24992,16,475,1184035316472,In > Out
Sept 2020,195,14,103281,28,73806066962,9,1253549640663,10,1327355707625,2,195,16,7889,6,25933,33,205,1179743573701,In > Out
Sept 2020,132,21,99267,26,74724140044,10,1094683697972,11,1169407838016,7,158,12,7982,25,21532,34,195,1019959557928,In > Out
Sept 2020,124,17,102377,24,76586316727,11,1043297785508,12,1119884102235,3,165,11,8118,18,23394,38,169,966711468781,In > Out
Sept 2020,228,19,101710,15,88349515430,12,1015475003208,13,1103824518638,16,125,6,8409,27,20973,15,539,927125487778,In > Out
Sept 2020,70,23,95720,25,75689984236,13,1002578571845,14,1078268556081,17,116,17,7866,23,21948,37,171,926888587609,In > Out
Sept 2020,123,11,106523,30,68285986596,14,951722842731,15,1020008829327,10,142,15,7910,20,23264,28,266,883436856135,In > Out
Sept 2020,128,8,114837,12,134303100715,18,879544339030,16,1013847439745,19,111,7,8376,14,24778,20,400,745241238315,In > Out
Sept 2020,171,16,102395,20,80487721471,16,910010772437,17,990498493908,8,147,10,8131,15,24346,21,399,829523050966,In > Out
Sept 2020,127,9,112318,33,55940751946,15,926541920977,18,982482672923,4,164,9,8185,13,24904,32,217,870601169031,In > Out
Sept 2020,112,20,100955,34,55529259950,17,904852983072,19,960382243022,13,134,18,7719,9,25305,17,447,849323723122,In > Out
Sept 2020,169,70,12633,4,903846768504,80,46561151138,20,950407919642,76,13,61,1362,64,10252,48,78,857285617366,Out > In
Sept 2020,161,12,104129,27,74450435735,19,841443581452,21,915894017187,6,159,14,7924,24,21910,25,293,766993145717,In > Out
Sept 2020,133,13,103843,29,68641742919,20,840219222846,22,908860965765,15,127,8,8258,17,23856,14,596,771577479927,In > Out
Sept 2020,98,22,98593,22,77721932918,21,812780241345,23,890502174263,11,140,20,7543,16,24248,29,237,735058308427,In > Out
Sept 2020,229,15,102402,23,77198040864,22,779512685253,24,856710726117,14,132,13,7949,19,23356,26,288,702314644389,In > Out
Sept 2020,134,18,102072,21,79586487572,23,713847462430,25,793433950002,9,147,19,7704,7,25515,22,350,634260974858,In > Out
Sept 2020,198,31,43699,6,499182035979,39,236917803776,26,736099839755,137,1,25,4412,40,15300,59,40,262264232203,Out > In
Sept 2020,73,7,154875,11,192110501234,25,518673644532,27,710784145766,18,114,21,7249,28,20810,19,415,326563143298,In > Out
Sept 2020,29,41,29156,5,634805426158,68,63806252007,28,698611678165,106,5,48,2010,49,13778,71,25,570999174151,Out > In
Sept 2020,143,35,38500,44,26248504610,24,531211163446,29,557459668056,86,10,26,4281,21,22099,50,65,504962658836,In > Out
Sept 2020,122,72,11435,13,130545454318,28,412336536745,30,542881991063,78,12,53,1840,70,9502,11,693,281791082427,In > Out
Sept 2020,94,6,191682,17,86628811123,27,426757929967,31,513386741090,110,5,24,5931,8,25495,5,1983,340129118844,In > Out
Sept 2020,117,51,23914,9,394518716287,63,71206446004,32,465725162291,64,17,37,2596,30,19687,42,130,323312270283,Out > In
Sept 2020,151,121,975,8,461581572022,130,1785883048,33,463367455070,135,1,139,13,119,955,137,2,459795688974,Out > In
Sept 2020,235,3,873191,61,10839459977,26,436192183983,34,447031643960,127,2,69,929,5,28232,125,2,425352724006,In > Out
Sept 2020,74,33,41154,40,32726335025,29,397637983236,35,430364318261,28,65,28,3714,37,16047,64,35,364911648211,In > Out
Sept 2020,197,32,41385,32,58283713829,30,365011439368,36,423295153197,5,161,27,4274,33,17480,39,145,306727725539,In > Out
Sept 2020,90,27,63304,46,25387485799,32,302710625794,37,328098111593,29,53,31,3378,11,24997,40,139,277323139995,In > Out
Sept 2020,184,26,64488,31,65014356581,37,248348617403,38,313362973984,81,11,23,6093,26,21140,3,3808,183334260822,In > Out
Sept 2020,7,36,38042,47,23823109302,34,272183972019,39,296007081321,58,22,50,1898,29,20607,9,1031,248360862717,In > Out
Sept 2020,16,25,75169,36,48068079873,38,245545702222,40,293613782095,85,10,41,2398,10,25109,53,54,197477622349,In > Out
Sept 2020,170,47,27261,60,11228959405,33,272429811575,41,283658770980,40,36,38,2557,44,14689,70,25,261200852170,In > Out
Sept 2020,48,42,28907,53,14195892673,35,267461459776,42,281657352449,114,4,44,2348,45,14448,36,174,253265567103,In > Out
Sept 2020,85,39,32821,14,121422011731,44,156681035099,43,278103046830,22,88,33,3064,48,14245,58,41,35259023368,In > Out
Sept 2020,104,56,19732,66,8635402791,36,266852725291,44,275488128082,46,30,60,1499,57,12338,72,23,258217322500,In > Out
Sept 2020,51,46,27580,16,87492990018,46,132660808558,45,220153798576,33,45,58,1556,47,14379,13,639,45167818540,In > Out
Sept 2020,181,30,45292,45,25732413673,40,176803797277,46,202536210950,23,76,29,3434,32,18228,31,218,151071383604,In > Out
Sept 2020,118,29,47832,51,15019972277,41,169008914094,47,184028886371,25,72,30,3433,36,16692,61,39,153988941817,In > Out
Sept 2020,119,52,23693,35,49207460756,48,129278824487,48,178486285243,30,47,52,1854,43,14795,51,64,80071363731,In > Out
Sept 2020,165,37,37434,48,17624097116,43,158810912692,49,176435009808,55,24,32,3292,22,22025,41,132,141186815576,In > Out
Sept 2020,129,53,22147,70,7605069158,42,160415343487,50,168020412645,31,46,42,2393,55,13081,63,37,152810274329,In > Out
Sept 2020,168,60,16062,38,40670888855,49,118197181922,51,158868070777,37,38,46,2225,63,10341,27,280,77526293067,In > Out
Sept 2020,130,38,34934,62,10515998735,45,142752588396,52,153268587131,32,46,47,2158,39,15367,68,30,132236589661,In > Out
Sept 2020,44,76,9136,52,14587371264,47,132612269634,53,147199640898,128,2,56,1637,75,7690,47,82,118024898370,In > Out
Sept 2020,150,71,12612,71,6890609287,50,115513844860,54,122404454147,48,27,63,1225,71,9147,78,14,108623235573,In > Out
Sept 2020,221,44,28832,43,27513914926,55,91660360361,55,119174275287,39,36,35,2766,42,14798,23,350,64146445435,In > Out
Sept 2020,225,48,26658,42,30333876904,57,88492032308,56,118825909212,45,32,43,2375,38,15784,57,42,58158155404,In > Out
Sept 2020,91,50,23961,68,7863440395,52,106272216160,57,114135656555,36,40,39,2534,35,16887,69,25,98408775765,In > Out
Sept 2020,79,78,7977,90,1710820681,51,108604061697,58,110314882378,119,3,118,117,76,7031,49,71,106893241016,In > Out
Sept 2020,234,54,21190,49,17297318200,54,92401688627,59,109699006827,42,34,49,1923,50,13675,45,100,75104370427,In > Out
Sept 2020,101,66,14278,50,16854211338,56,91440033696,60,108294245034,49,26,68,976,61,10635,43,107,74585822358,In > Out
Sept 2020,155,111,1842,75,5645004393,53,100142640600,61,105787644993,79,12,93,339,120,899,10,735,94497636207,In > Out
Sept 2020,89,45,28350,59,11231756928,58,82022963224,62,93254720152,35,42,45,2327,53,13437,62,39,70791206296,In > Out
Sept 2020,141,62,15064,74,6189229706,59,79482447485,63,85671677191,62,18,79,694,66,9867,96,5,73293217779,In > Out
Sept 2020,215,68,12883,55,12960914413,64,71155933286,64,84116847699,57,22,59,1519,62,10493,30,227,58195018873,In > Out
Sept 2020,82,40,29654,57,12427138116,66,70607606559,65,83034744675,44,33,40,2520,34,17075,52,64,58180468443,In > Out
Sept 2020,59,86,5608,37,43910778722,89,37743273011,66,81654051733,108,5,104,219,84,4776,18,427,6167505711,Out > In
Sept 2020,65,79,7759,41,31584710256,77,49489252255,67,81073962511,69,15,74,846,78,6434,93,5,17904541999,In > Out
Sept 2020,156,55,20615,78,4834196985,60,75946874504,68,80781071489,65,17,51,1863,58,12199,75,17,71112677519,In > Out
Sept 2020,239,84,6502,96,1469831185,61,74732347354,69,76202178539,56,23,111,146,106,2427,99,4,73262516169,In > Out
Sept 2020,159,81,6936,83,3495161856,65,70616855157,70,74112017013,73,14,81,639,81,5705,88,8,67121693301,In > Out
Sept 2020,9,99,3676,105,954692108,62,71634679984,71,72589372092,75,13,107,207,101,2958,106,3,70679987876,In > Out
Sept 2020,178,65,14635,54,13238261549,73,57770449091,72,71008710640,77,13,73,878,69,9730,87,8,44532187542,In > Out
Sept 2020,99,83,6509,72,6566878466,70,62778482467,73,69345360933,74,13,86,549,83,5399,74,17,56211604001,In > Out
Sept 2020,180,63,14994,77,5286208363,71,61796733284,74,67082941647,52,25,72,884,68,9749,90,6,56510524921,In > Out
Sept 2020,246,75,9518,89,1739024619,67,65228432431,75,66967457050,24,73,101,254,92,3883,127,2,63489407812,In > Out
Sept 2020,54,97,3915,94,1509284512,69,63406027339,76,64915311851,21,89,97,273,96,3587,110,3,61896742827,In > Out
Sept 2020,56,59,17064,73,6542355446,74,56845065561,77,63387421007,38,37,78,725,59,11543,95,5,50302710115,In > Out
Sept 2020,142,28,51338,91,1646662615,72,61436846312,78,63083508927,27,66,114,138,46,14411,6,1592,59790183697,In > Out
Sept 2020,83,49,24587,64,9993829801,75,52086852031,79,62080681832,50,26,34,2893,52,13443,79,12,42093022230,In > Out
Sept 2020,80,124,837,63,10386574277,82,43903121063,80,54289695340,105,5,95,308,124,730,44,107,33516546786,In > Out
Sept 2020,145,100,3630,116,377863350,76,51720906968,81,52098770318,70,14,123,98,98,3258,130,2,51343043618,In > Out
Sept 2020,154,74,10018,80,3923303492,78,47758552852,82,51681856344,51,25,65,1126,74,8001,101,4,43835249360,In > Out
Sept 2020,250,58,17169,69,7708298669,83,43700836036,83,51409134705,94,8,54,1769,56,12541,67,32,35992537367,In > Out
Sept 2020,167,67,13225,84,3414499864,79,47088889860,84,50503389724,68,15,62,1260,72,9089,94,5,43674389996,In > Out
Sept 2020,191,85,6395,101,1107836629,81,45392063425,85,46499900054,89,9,76,782,82,5475,102,4,44284226796,In > Out
Sept 2020,224,98,3886,82,3683691188,85,41097752287,86,44781443475,100,6,82,634,95,3591,92,6,37414061099,In > Out
Sept 2020,149,57,18379,85,2784020651,84,41870282875,87,44654303526,47,29,57,1568,60,11005,76,17,39086262224,In > Out
Sept 2020,146,64,14896,79,4089819404,87,39805564973,88,43895384377,59,21,67,996,67,9825,100,4,35715745569,In > Out
Sept 2020,196,95,4169,111,586646691,86,40832067573,89,41418714264,63,17,103,220,97,3337,129,2,40245420882,In > Out
Sept 2020,166,92,4739,100,1248971644,88,39316791266,90,40565762910,72,14,88,447,90,4196,97,5,38067819622,In > Out
Sept 2020,103,34,40293,95,1503721057,90,36736879655,91,38240600712,129,2,36,2699,41,15134,84,9,35233158598,In > Out
Sept 2020,57,90,5126,93,1529101986,91,36497371212,92,38026473198,60,21,75,816,88,4523,86,8,34968269226,In > Out
Sept 2020,4,73,10792,81,3881605067,93,31572789618,93,35454394685,82,11,83,588,73,8839,81,11,27691184551,In > Out
Sept 2020,164,82,6528,87,2162997784,92,32287039897,94,34450037681,67,16,70,928,80,5912,65,32,30124042113,In > Out
Sept 2020,179,106,2691,56,12852237413,98,19005888801,95,31858126214,102,6,77,754,109,2121,35,180,6153651388,In > Out
Sept 2020,77,77,8735,86,2630428710,94,28008544374,96,30638973084,107,5,55,1748,77,6848,24,308,25378115664,In > Out
Sept 2020,52,88,5242,92,1539499650,95,26235134471,97,27774634121,43,33,91,368,86,4618,46,95,24695634821,In > Out
Sept 2020,203,91,5095,97,1338046402,96,25355607894,98,26693654296,96,7,84,588,89,4385,91,6,24017561492,In > Out
Sept 2020,6,94,4240,112,477610670,97,21826150795,99,22303761465,90,8,90,420,93,3835,128,2,21348540125,In > Out
Sept 2020,115,109,2475,114,411660055,99,18675841131,100,19087501186,97,7,99,258,108,2308,134,2,18264181076,In > Out
Sept 2020,58,104,2798,102,1057563236,100,15408326481,101,16465889717,111,5,87,460,102,2597,103,4,14350763245,In > Out
Sept 2020,207,119,1139,106,801913695,101,12519027553,102,13320941248,112,5,96,294,118,1036,56,43,11717113858,In > Out
Sept 2020,236,89,5166,99,1258953249,105,11249341871,103,12508295120,134,1,64,1198,87,4567,89,7,9990388622,In > Out
Sept 2020,100,87,5400,104,999903402,104,11403893250,104,12403796652,83,10,92,357,85,4626,66,32,10403989848,In > Out
Sept 2020,120,115,1432,115,377884752,103,11676483817,105,12054368569,104,5,109,188,114,1392,136,2,11298599065,In > Out
Sept 2020,138,103,3265,120,233797851,102,11745941706,106,11979739557,117,3,100,256,103,2551,118,3,11512143855,In > Out
Sept 2020,209,129,519,65,9253139357,128,2027473014,107,11280612371,95,7,120,110,129,469,54,52,7225666343,Out > In
Sept 2020,81,110,2299,67,8575849077,137,615465804,108,9191314881,88,9,130,42,110,2027,104,4,7960383273,Out > In
Sept 2020,226,130,508,117,371213779,106,8310392585,109,8681606364,118,3,113,139,128,499,114,3,7939178806,In > Out
Sept 2020,35,61,15203,124,110212818,107,7874034223,110,7984247041,61,19,132,36,51,13600,126,2,7763821405,In > Out
Sept 2020,125,118,1230,76,5361059434,123,2515200314,111,7876259748,101,6,112,142,116,1204,109,3,2845859120,Out > In
Sept 2020,92,93,4405,109,632497870,109,7186890278,112,7819388148,80,11,80,689,91,4012,83,9,6554392408,In > Out
Sept 2020,241,105,2710,125,102180060,108,7439814997,113,7541995057,92,8,125,95,105,2474,133,2,7337634937,In > Out
Sept 2020,183,114,1497,98,1299455478,112,6171538547,114,7470994025,115,4,117,117,113,1454,107,3,4872083069,In > Out
Sept 2020,84,101,3623,103,1027172436,113,5996585442,115,7023757878,153,1,94,337,99,3252,82,9,4969413006,In > Out
Sept 2020,14,123,840,123,127368185,111,6680678351,116,6808046536,91,8,105,211,122,819,98,5,6553310166,In > Out
Sept 2020,248,134,225,133,37382550,110,6698816959,117,6736199509,130,2,135,18,133,225,142,2,6661434409,In > Out
Sept 2020,242,69,12736,88,1821835845,120,4436124336,118,6257960181,103,6,85,557,65,10231,117,3,2614288491,In > Out
Sept 2020,176,125,752,121,177888772,114,5868917345,119,6046806117,113,4,98,262,123,749,112,3,5691028573,In > Out
Sept 2020,5,122,879,119,233881411,115,5662669087,120,5896550498,87,9,108,192,121,837,80,12,5428787676,In > Out
Sept 2020,200,80,7656,108,705204355,118,4977414059,121,5682618414,53,25,124,96,79,5923,116,3,4272209704,In > Out
Sept 2020,63,113,1567,126,92413529,116,5498594162,122,5591007691,98,6,115,133,112,1527,135,2,5406180633,In > Out
Sept 2020,144,126,739,127,72569310,117,5485074613,123,5557643923,109,5,128,65,125,727,138,2,5412505303,In > Out
Sept 2020,110,127,736,130,54824260,119,4519311605,124,4574135865,120,3,127,70,126,724,139,2,4464487345,In > Out
Sept 2020,190,108,2542,132,39253776,121,4197904333,125,4237158109,54,25,122,101,107,2316,77,15,4158650557,In > Out
Sept 2020,175,117,1306,128,61705441,122,3681894876,126,3743600317,131,2,106,208,115,1266,108,3,3620189435,In > Out
Sept 2020,173,102,3432,113,470092772,126,2195571163,127,2665663935,132,2,89,422,100,3188,131,2,1725478391,In > Out
Sept 2020,75,107,2641,129,61462670,124,2464218343,128,2525681013,136,1,131,40,104,2487,132,2,2402755673,In > Out
Sept 2020,174,128,576,118,240345675,125,2205729624,129,2446075299,121,3,116,129,127,572,113,3,1965383949,In > Out
Sept 2020,214,144,77,137,20825606,127,2158973312,130,2179798918,133,2,138,13,142,67,120,2,2138147706,In > Out
Sept 2020,21,132,422,122,158019409,129,1942476851,131,2100496260,99,6,110,151,131,415,73,18,1784457442,In > Out
Sept 2020,208,96,4081,110,628820530,131,1205860403,132,1834680933,41,36,121,103,94,3790,111,3,577039873,In > Out
Sept 2020,3,120,1130,140,12157734,132,1014557593,133,1026715327,93,8,137,15,117,1098,105,4,1002399859,In > Out
Sept 2020,96,145,39,107,732605904,142,274407018,134,1007012922,122,3,134,29,149,4,60,39,458198886,Out > In
Sept 2020,50,133,290,143,6570876,133,963291649,135,969862525,123,3,140,9,132,290,141,2,956720773,In > Out
Sept 2020,23,137,174,139,15907921,134,766669961,136,782577882,138,1,141,7,136,174,146,1,750762040,In > Out
Sept 2020,55,140,131,138,17078404,135,710942270,137,728020674,124,3,129,55,138,131,144,2,693863866,In > Out
Sept 2020,153,136,191,131,43703766,136,682787583,138,726491349,140,1,126,74,135,191,115,3,639083817,In > Out
Sept 2020,135,131,478,134,30611852,138,452768774,139,483380626,141,1,102,231,130,450,140,2,422156922,In > Out
Sept 2020,10,146,21,148,1882986,139,437110282,140,438993268,142,1,149,1,143,21,150,1,435227296,In > Out
Sept 2020,192,135,209,141,10225939,140,397259358,141,407485297,116,4,136,16,134,209,143,2,387033419,In > Out
Sept 2020,11,142,109,142,7422709,141,349894003,142,357316712,125,2,133,30,140,109,119,2,342471294,In > Out
Sept 2020,28,147,14,145,4087921,143,263210203,143,267298124,143,1,144,3,144,14,121,2,259122282,In > Out
Sept 2020,111,138,172,135,28924537,144,32004762,144,60929299,144,1,145,2,148,5,123,2,3080225,In > Out
Sept 2020,43,154,1,136,28011351,150,9194124,145,37205475,145,1,150,1,154,1,145,1,18817227,Out > In
Sept 2020,126,151,3,151,135785,145,30786707,146,30922492,146,1,146,2,150,3,124,2,30650922,In > Out
Sept 2020,114,148,11,149,954398,146,29508149,147,30462547,147,1,142,5,145,11,122,2,28553751,In > Out
Sept 2020,102,143,84,144,5232726,148,24085599,148,29318325,148,1,147,2,141,84,149,1,18852873,In > Out
Sept 2020,177,139,166,146,2350055,147,24868684,149,27218739,149,1,151,1,137,166,147,1,22518629,In > Out
Sept 2020,19,141,121,150,370598,149,21100526,150,21471124,150,1,152,1,139,119,148,1,20729928,In > Out
Sept 2020,13,149,9,147,2117868,153,691823,151,2809691,151,1,143,5,146,9,151,1,1426045,Out > In
Sept 2020,163,152,2,152,88786,151,1871240,152,1960026,152,1,153,1,152,2,154,1,1782454,In > Out
Sept 2020,86,150,8,153,40183,152,995902,153,1036085,154,1,154,1,147,8,152,1,955719,In > Out
Sept 2020,222,153,2,154,3932,154,208740,154,212672,139,1,148,1,151,2,153,1,204808,In > Out
Sept 2021,213,1,27789173,1,19149876220244,1,141311522267524,1,160461398487768,1,253,1,238368,2,53110,1,38111,122161646047280,In > Out
Sept 2021,160,2,4637679,3,2413263386782,2,11649185565815,2,14062448952597,23,90,2,52712,1,58291,2,3996,9235922179033,In > Out
Sept 2021,256,3,1903722,4,822353626380,3,9590274784788,3,10412628411168,76,11,3,47125,3,37845,4,3726,8767921158408,In > Out
Sept 2021,28,26,55578,2,6699864031102,53,62833933147,4,6762697964249,27,73,112,141,40,14825,6,2224,6637030097955,Out > In
Sept 2021,117,7,402953,7,403766810146,4,3210372489073,5,3614139299219,59,19,4,18880,5,36457,14,873,2806605678927,In > Out
Sept 2021,49,4,977818,6,472931992157,5,2482753720000,6,2955685712157,66,14,5,12849,7,33748,13,1044,2009821727843,In > Out
Sept 2021,2,115,1586,58,9162568063,6,1341272907259,7,1350435475322,64,15,119,90,113,1511,60,26,1332110339196,In > Out
Sept 2021,124,8,211574,9,147530972391,8,1151419476460,8,1298950448851,5,159,6,9089,4,37018,9,1402,1003888504069,In > Out
Sept 2021,132,11,131750,21,75361088664,7,1162148893632,9,1237509982296,7,156,7,8592,10,24203,19,410,1086787804968,In > Out
Sept 2021,123,10,152797,11,93434580374,9,1038894920288,10,1132329500662,10,141,14,7520,22,22447,26,289,945460339914,In > Out
Sept 2021,210,118,1334,5,705583781086,28,245147040455,11,950730821541,118,2,69,929,146,1,11,1286,460436740631,Out > In
Sept 2021,133,19,108637,13,88523468303,10,827453501750,12,915976970053,17,119,8,8545,13,23511,12,1102,738930033447,In > Out
Sept 2021,112,12,127181,15,82635662562,12,786062289224,13,868697951786,13,130,16,7357,6,33933,27,274,703426626662,In > Out
Sept 2021,228,21,104644,28,58648460772,11,804355824794,14,863004285566,15,122,15,7497,21,22557,24,332,745707364022,In > Out
Sept 2021,171,15,113739,18,80420870781,13,764983715830,15,845404586611,8,146,13,7549,11,23907,22,342,684562845049,In > Out
Sept 2021,131,18,110875,16,80676942133,15,735310677469,16,815987619602,12,136,9,8184,20,22616,21,391,654633735336,In > Out
Sept 2021,134,23,98825,26,65359729852,14,735573807174,17,800933537026,9,144,20,6939,18,22757,18,415,670214077322,In > Out
Sept 2021,98,20,105912,25,68174884533,16,714854548980,18,783029433513,11,136,18,7183,14,23470,28,238,646679664447,In > Out
Sept 2021,161,17,110877,14,83789695988,17,690470789447,19,774260485435,6,157,12,7702,17,23112,31,195,606681093459,In > Out
Sept 2021,128,13,115894,17,80537042884,19,656158260634,20,736695303518,19,106,10,8111,9,27407,15,661,575621217750,In > Out
Sept 2021,127,14,114560,22,70896204012,20,652176535540,21,723072739552,4,163,11,7774,16,23119,25,321,581280331528,In > Out
Sept 2021,195,22,98982,20,75736480448,21,642768318201,22,718504798649,2,200,21,6821,15,23336,30,210,567031837753,In > Out
Sept 2021,70,16,112947,30,47754456115,18,661079281810,23,708833737925,18,110,17,7196,12,23804,29,219,613324825695,In > Out
Sept 2021,229,24,96364,19,76305710812,22,626404615798,24,702710326610,14,126,19,6946,23,22305,17,420,550098904986,In > Out
Sept 2021,46,28,44490,24,69529988767,23,596515499944,25,666045488711,32,44,24,3902,35,17057,34,168,526985511177,In > Out
Sept 2021,73,9,161917,27,59071593361,24,466870024997,26,525941618358,21,95,22,6090,27,19271,44,80,407798431636,In > Out
Sept 2021,197,30,43131,23,70234816482,26,286714944457,27,356949760939,16,120,23,4091,30,18327,37,140,216480127975,In > Out
Sept 2021,79,44,25303,8,184849956064,33,155523598206,28,340373554270,67,14,114,125,52,12123,23,341,29326357858,Out > In
Sept 2021,48,27,47035,31,39210291119,25,299521743669,29,338732034788,84,8,48,1854,32,17976,40,100,260311452550,In > Out
Sept 2021,16,25,55798,29,57656563647,27,246851216280,30,304507779927,85,8,26,3582,24,21780,59,26,189194652633,In > Out
Sept 2021,81,5,599409,12,91423477848,32,190652956715,31,282076434563,72,12,33,2786,19,22625,45,76,99229478867,In > Out
Sept 2021,119,54,19475,35,32756977162,30,201255828221,32,234012805383,40,32,52,1627,53,11783,49,53,168498851059,In > Out
Sept 2021,235,6,508684,70,4425327285,29,213046376016,33,217471703301,127,2,95,527,8,28230,128,2,208621048731,In > Out
Sept 2021,143,65,13567,61,7712936625,31,201105031311,34,208817967936,93,6,42,2054,58,10890,53,40,193392094686,In > Out
Sept 2021,65,69,12520,10,130527189981,59,49158110992,35,179685300973,77,11,62,1134,71,8715,66,18,81369078989,Out > In
Sept 2021,184,32,40963,41,22688160176,34,143303216149,36,165991376325,75,12,25,3752,28,18908,5,2715,120615055973,In > Out
Sept 2021,74,31,41883,39,23221721015,37,121525507547,37,144747228562,28,67,28,3088,37,15519,48,53,98303786532,In > Out
Sept 2021,169,60,16302,32,36493015065,40,105601273688,38,142094288753,82,10,45,1908,61,10514,84,8,69108258623,In > Out
Sept 2021,90,33,36568,54,10234795123,35,126796170844,39,137030965967,24,79,29,2912,25,19801,69,17,116561375721,In > Out
Sept 2021,7,36,29792,46,17314408026,38,119211396738,40,136525804764,68,13,38,2531,26,19529,68,17,101896988712,In > Out
Sept 2021,198,34,33590,59,8492334733,36,124329618335,41,132821953068,139,1,27,3332,41,14456,70,16,115837283602,In > Out
Sept 2021,165,38,29531,37,30384244492,42,95309949692,42,125694194184,50,23,35,2721,29,18852,55,29,64925705200,In > Out
Sept 2021,154,53,20589,43,20826698046,41,104460602743,43,125287300789,49,23,43,2024,39,14881,78,12,83633904697,In > Out
Sept 2021,51,47,24592,34,33897738813,43,86046485660,44,119944224473,36,37,50,1776,47,13193,16,623,52148746847,In > Out
Sept 2021,91,55,19422,69,4658258136,39,107098997318,45,111757255454,31,45,39,2292,55,11757,20,393,102440739182,In > Out
Sept 2021,129,46,25074,40,22721208709,44,83374468996,46,106095677705,34,42,53,1616,43,14027,80,11,60653260287,In > Out
Sept 2021,85,35,29997,42,22200357419,46,79259592610,47,101459950029,22,94,31,2873,42,14153,58,27,57059235191,In > Out
Sept 2021,236,40,28642,33,34579784891,54,62658099033,48,97237883924,149,1,30,2889,36,15978,56,28,28078314142,In > Out
Sept 2021,118,37,29552,47,15340233974,47,75352255840,49,90692489814,35,42,36,2663,31,18227,61,26,60012021866,In > Out
Sept 2021,149,45,25179,72,3962512097,45,82188777646,50,86151289743,3,167,37,2570,48,12685,57,28,78226265549,In > Out
Sept 2021,141,59,17174,63,6133525781,49,70404207032,51,76537732813,54,20,58,1368,56,11661,76,14,64270681251,In > Out
Sept 2021,181,29,43581,57,9515727656,51,65990027100,52,75505754756,25,77,32,2789,34,17445,54,33,56474299444,In > Out
Sept 2021,246,43,25492,74,3824543294,50,70086572428,53,73911115722,26,76,72,882,59,10837,100,4,66262029134,In > Out
Sept 2021,191,85,5835,85,2187664137,48,71694796637,54,73882460774,88,7,86,629,84,5112,101,4,69507132500,In > Out
Sept 2021,130,39,28812,55,10209283200,55,61824179198,55,72033462398,29,48,44,1974,44,13652,75,14,51614895998,In > Out
Sept 2021,221,51,21374,53,10761247078,56,58872725625,56,69633972703,38,32,41,2093,50,12259,46,65,48111478547,In > Out
Sept 2021,44,71,11690,79,3017020648,52,65144113565,57,68161134213,135,1,87,627,73,8261,32,188,62127092917,In > Out
Sept 2021,168,57,17450,36,30404633666,68,37631223398,58,68035857064,42,31,47,1868,63,10158,8,1471,7226589732,In > Out
Sept 2021,89,42,26129,49,12177555386,57,54122757609,59,66300312995,30,47,40,2123,46,13232,71,16,41945202223,In > Out
Sept 2021,234,62,15588,44,18772674986,63,43798047092,60,62570722078,53,20,65,1092,60,10718,82,10,25025372106,In > Out
Sept 2021,83,56,17999,52,11225954775,60,45164751082,61,56390705857,55,20,34,2742,49,12571,41,97,33938796307,In > Out
Sept 2021,104,52,20672,56,9524448386,62,44072098001,62,53596546387,61,17,54,1521,54,11759,67,17,34547649615,In > Out
Sept 2021,47,89,4716,83,2397486152,58,50651618595,63,53049104747,132,1,79,719,88,4024,39,115,48254132443,In > Out
Sept 2021,204,92,4369,71,4283238943,61,44312546167,64,48595785110,130,1,76,834,90,3809,43,89,40029307224,In > Out
Sept 2021,125,70,11822,65,5733272737,64,42588091172,65,48321363909,74,12,49,1788,69,8941,77,13,36854818435,In > Out
Sept 2021,215,50,21393,48,13468662640,71,33769804227,66,47238466867,43,30,60,1282,38,15425,38,129,20301141587,In > Out
Sept 2021,156,61,15910,38,24753510253,82,20969928058,67,45723438311,51,22,70,927,62,10204,91,6,3783582195,Out > In
Sept 2021,120,75,10337,77,3337086720,65,42116756574,68,45453843294,90,7,73,863,75,7630,64,24,38779669854,In > Out
Sept 2021,82,66,13468,62,6423284822,69,36916276079,69,43339560901,45,26,51,1728,65,9598,51,43,30492991257,In > Out
Sept 2021,54,74,10578,92,1428977358,66,41751281707,70,43180259065,20,106,90,578,74,7933,105,4,40322304349,In > Out
Sept 2021,170,58,17311,78,3110062839,67,38121087761,71,41231150600,41,31,46,1882,57,11115,52,43,35011024922,In > Out
Sept 2021,206,64,13596,82,2474845409,70,35026009289,72,37500854698,33,43,68,1005,68,9070,99,4,32551163880,In > Out
Sept 2021,101,68,12648,75,3693125124,72,33526236644,73,37219361768,60,18,59,1316,66,9281,42,93,29833111520,In > Out
Sept 2021,146,48,22241,73,3904818007,73,31058987183,74,34963805190,48,25,56,1481,51,12248,93,6,27154169176,In > Out
Sept 2021,225,73,10690,60,7719012338,78,27093041415,75,34812053753,47,25,55,1518,70,8928,72,15,19374029077,In > Out
Sept 2021,56,49,21718,67,5247105885,74,29181237438,76,34428343323,44,28,61,1163,45,13439,90,7,23934131553,In > Out
Sept 2021,150,63,13805,68,5143544174,75,28562396838,77,33705941012,56,20,64,1107,67,9226,98,4,23418852664,In > Out
Sept 2021,99,77,8878,91,1504910190,77,27413080663,78,28917990853,78,10,66,1081,77,6845,89,7,25908170473,In > Out
Sept 2021,52,101,3190,105,730156203,76,27869079444,79,28599235647,37,33,97,515,97,2971,33,174,27138923241,In > Out
Sept 2021,103,81,7127,81,2623001225,79,24253230298,80,26876231523,119,2,74,863,82,5712,92,6,21630229073,In > Out
Sept 2021,180,76,9100,80,2841834591,80,23290375021,81,26132209612,57,20,78,724,76,6860,88,7,20448540430,In > Out
Sept 2021,57,82,6812,50,11499862137,93,14535379025,82,26035241162,52,21,88,601,81,5749,83,10,3035516888,In > Out
Sept 2021,58,84,5889,76,3397353539,83,20933708102,83,24331061641,101,4,67,1057,85,4927,79,11,17536354563,In > Out
Sept 2021,196,100,3297,109,679562672,81,23196206915,84,23875769587,102,4,108,183,101,2773,122,2,22516644243,In > Out
Sept 2021,179,99,3465,45,18638363866,111,3684690885,85,22323054751,96,6,81,699,110,1719,10,1377,14953672981,Out > In
Sept 2021,6,79,7411,87,1871962035,84,20167626440,86,22039588475,63,16,63,1112,79,6171,86,8,18295664405,In > Out
Sept 2021,167,72,11498,93,1421579234,85,19593336490,87,21014915724,69,13,71,888,72,8284,111,3,18171757256,In > Out
Sept 2021,178,78,8324,94,1233786859,87,18531874453,88,19765661312,65,14,77,791,78,6531,103,4,17298087594,In > Out
Sept 2021,9,91,4561,104,731885811,86,18621801209,89,19353687020,70,13,105,261,89,4014,127,2,17889915398,In > Out
Sept 2021,239,95,4014,111,557356516,88,18070625089,90,18627981605,46,25,104,280,96,3162,126,2,17513268573,In > Out
Sept 2021,77,90,4633,96,1160438252,89,17006971795,91,18167410047,103,4,80,700,102,2754,74,15,15846533543,In > Out
Sept 2021,122,96,3744,95,1210761392,90,16915931661,92,18126693053,62,16,99,445,93,3480,47,62,15705170269,In > Out
Sept 2021,138,102,3178,113,509667767,91,16834863610,93,17344531377,117,3,117,104,103,2596,123,2,16325195843,In > Out
Sept 2021,250,67,12933,90,1521614954,92,15719979344,94,17241594298,97,5,57,1413,64,9921,63,24,14198364390,In > Out
Sept 2021,84,104,3065,107,696353647,94,14372400814,95,15068754461,120,2,94,535,100,2805,108,4,13676047167,In > Out
Sept 2021,96,134,154,51,11256367735,116,2270478001,96,13526845736,92,6,120,89,143,4,35,151,8985889734,Out > In
Sept 2021,224,98,3668,114,400770239,95,12713909279,97,13114679518,91,7,75,858,94,3433,106,4,12313139040,In > Out
Sept 2021,226,108,2325,102,746659333,96,12155489129,98,12902148462,104,4,111,163,106,2153,125,2,11408829796,In > Out
Sept 2021,4,80,7263,64,6005873450,105,6299647861,99,12305521311,83,9,91,577,80,6055,50,46,293774411,In > Out
Sept 2021,145,111,1896,112,529885560,97,11258301426,100,11788186986,98,5,116,107,111,1679,129,2,10728415866,In > Out
Sept 2021,159,88,4821,84,2355546237,98,9171490461,101,11527036698,86,8,89,588,87,4210,102,4,6815944224,In > Out
Sept 2021,166,103,3088,86,2110306914,100,8509572796,102,10619879710,95,6,93,552,99,2855,97,5,6399265882,In > Out
Sept 2021,5,93,4180,122,227704903,99,9110903542,103,9338608445,80,10,110,182,91,3801,81,10,8883198639,In > Out
Sept 2021,53,41,27784,98,928917442,101,8269886209,104,9198803651,123,2,106,254,33,17688,85,8,7340968767,In > Out
Sept 2021,155,87,5477,66,5367583148,112,3456612301,105,8824195449,71,13,85,638,117,1239,3,3931,1910970847,Out > In
Sept 2021,203,86,5695,101,812519478,103,7515212135,106,8327731613,87,8,82,696,86,4877,113,3,6702692657,In > Out
Sept 2021,232,123,964,123,212236683,102,7816773031,107,8029009714,150,1,109,183,122,890,73,15,7604536348,In > Out
Sept 2021,164,94,4096,106,700641001,104,6977237102,108,7677878103,81,10,84,675,92,3755,87,7,6276596101,In > Out
Sept 2021,115,83,6272,97,1081394244,106,6260500585,109,7341894829,99,5,83,677,83,5217,112,3,5179106341,In > Out
Sept 2021,80,97,3694,100,879609654,107,6017395417,110,6897005071,124,2,92,556,95,3389,96,5,5137785763,In > Out
Sept 2021,242,113,1773,88,1720700874,113,2907891254,111,4628592128,100,5,98,463,109,1723,62,26,1187190380,In > Out
Sept 2021,241,105,3059,125,147049112,108,4305793943,112,4452843055,79,10,100,438,98,2879,107,4,4158744831,In > Out
Sept 2021,153,124,889,110,570742191,110,3825305884,113,4396048075,128,2,107,226,123,868,118,3,3254563693,In > Out
Sept 2021,110,120,1188,120,236276200,109,3920044579,114,4156320779,126,2,102,314,119,1149,116,3,3683768379,In > Out
Sept 2021,175,122,1076,117,336884038,114,2734791329,115,3071675367,151,1,123,85,121,1039,104,4,2397907291,In > Out
Sept 2021,29,109,1932,108,691009024,117,2242741970,116,2933750994,105,4,96,520,107,1829,114,3,1551732946,In > Out
Sept 2021,209,127,669,116,357519338,115,2559232261,117,2916751599,94,6,125,76,125,665,119,3,2201712923,In > Out
Sept 2021,207,110,1929,99,903555229,120,1641519413,118,2545074642,106,4,101,400,108,1823,65,23,737964184,In > Out
Sept 2021,172,128,589,127,106858108,118,1905242278,119,2012100386,125,2,131,40,127,576,132,2,1798384170,In > Out
Sept 2021,200,106,2544,128,96017645,119,1801319255,120,1897336900,73,12,127,73,104,2445,124,2,1705301610,In > Out
Sept 2021,55,117,1425,121,229905766,121,1568743722,121,1798649488,107,4,103,287,115,1371,109,4,1338837956,In > Out
Sept 2021,94,112,1775,89,1545076095,139,89450927,122,1634527022,110,3,128,58,112,1653,7,1496,1455625168,Out > In
Sept 2021,14,114,1624,129,55489033,122,1566323582,123,1621812615,111,3,118,103,114,1496,130,2,1510834549,In > Out
Sept 2021,174,119,1201,118,258590399,124,1345835916,124,1604426315,112,3,113,125,118,1159,115,3,1087245517,In > Out
Sept 2021,208,107,2463,103,732601014,129,734328222,125,1466929236,39,32,129,58,105,2319,110,3,1727208,In > Out
Sept 2021,190,116,1529,132,27999391,123,1372425842,126,1400425233,58,20,121,86,116,1315,36,151,1344426451,In > Out
Sept 2021,248,126,671,124,174249655,125,1220231631,127,1394481286,122,2,122,86,126,648,120,3,1045981976,In > Out
Sept 2021,176,131,256,119,244320646,126,1095093263,128,1339413909,108,4,115,110,130,249,95,5,850772617,In > Out
Sept 2021,92,129,488,115,375307653,127,933660350,129,1308968003,109,4,124,82,128,484,121,3,558352697,In > Out
Sept 2021,75,121,1134,130,41509344,128,895566725,130,937076069,136,1,126,76,120,1091,117,3,854057381,In > Out
Sept 2021,142,139,37,135,9664105,130,507071811,131,516735916,113,3,139,6,136,37,137,2,497407706,In > Out
Sept 2021,192,137,80,139,4156576,131,452159311,132,456315887,114,3,134,14,134,80,135,2,448002735,In > Out
Sept 2021,22,132,219,133,16842519,132,381293989,133,398136508,137,1,130,57,131,208,133,2,364451470,In > Out
Sept 2021,23,135,108,136,7505489,133,275590621,134,283096110,138,1,140,4,132,108,142,1,268085132,In > Out
Sept 2021,102,141,18,144,1201390,134,245342121,135,246543511,116,3,137,9,138,18,138,2,244140731,In > Out
Sept 2021,50,138,66,141,3863609,135,239333162,136,243196771,115,3,132,17,135,66,136,2,235469553,In > Out
Sept 2021,151,125,813,126,130799736,138,98840803,137,229640539,140,1,135,11,124,802,131,2,31958933,Out > In
Sept 2021,88,130,434,137,6967294,136,106875806,138,113843100,141,1,144,2,129,434,141,1,99908512,In > Out
Sept 2021,35,136,93,143,2529793,137,101466752,139,103996545,89,7,133,16,133,93,134,2,98936959,In > Out
Sept 2021,214,140,29,140,3937121,140,87120421,140,91057542,142,1,136,10,137,29,143,1,83183300,In > Out
Sept 2021,111,133,172,131,38819978,141,43582984,141,82402962,143,1,143,3,144,4,140,2,4763006,In > Out
Sept 2021,43,151,1,134,14774453,142,9207356,142,23981809,144,1,149,1,150,1,150,1,5567097,Out > In
Sept 2021,220,146,6,138,5232050,150,168864,143,5400914,145,1,141,4,147,1,94,6,5063186,Out > In
Sept 2021,183,144,11,145,179143,143,4410521,144,4589664,121,2,138,7,141,11,139,2,4231378,In > Out
Sept 2021,13,142,13,142,3416037,147,303331,145,3719368,146,1,145,2,139,13,144,1,3112706,Out > In
Sept 2021,19,143,12,147,32768,144,1927822,146,1960590,148,1,151,1,140,12,145,1,1895054,In > Out
Sept 2021,1,147,3,151,3717,145,1832481,147,1836198,129,1,146,1,148,1,148,1,1828764,In > Out
Sept 2021,222,145,7,148,14834,146,814071,148,828905,131,1,142,3,142,7,146,1,799237,In > Out
Sept 2021,10,150,1,150,6932,148,284754,149,291686,133,1,147,1,149,1,149,1,277822,In > Out
Sept 2021,86,148,2,149,8009,149,204469,150,212478,134,1,148,1,145,2,147,1,196460,In > Out
Sept 2021,38,149,1,146,128324,151,34666,151,162990,147,1,150,1,151,1,151,1,93658,Out > In
