Week,TargetSubnet,Rank_Conns,Connections,Rank_Out,Outbound,Rank_In,Inbound,Rank_Bytes,TotalBytes,Rank_Sources,SourceIPs,Rank_Targets,TargetIPs,Rank_SrcPorts,SourcePorts,Rank_TrgPorts,TargetPorts,Difference,Color
Feb 2020,213,14,110444,1,1161036085077,1,1718159442957,1,2879195528034,2,57775,1,254,16,34273,1,24864,557123357880,In > Out
Feb 2020,96,1,1593990,2,873653054773,6,57047803356,2,930700858129,1,173035,21,43,1,64558,94,6,816605251417,Out > In
Feb 2020,125,39,2944,56,6863488787,2,447059532968,3,453923021755,31,1304,77,7,39,2206,55,27,440196044181,In > Out
Feb 2020,181,4,340004,3,359911531275,24,14146856132,4,374058387407,18,4525,54,14,4,55636,40,45,345764675143,Out > In
Feb 2020,2,15,93547,4,347151325253,17,20948856878,5,368100182131,6,18331,32,31,14,41783,34,101,326202468375,Out > In
Feb 2020,142,2,497374,5,291338755386,20,16936129242,6,308274884628,12,6954,20,44,2,61196,2,23633,274402626144,Out > In
Feb 2020,208,7,234549,6,273320977421,42,5798894797,7,279119872218,3,44922,30,33,10,53531,96,5,267522082624,Out > In
Feb 2020,49,40,2941,8,192890178021,5,73499840284,8,266390018305,37,903,48,17,41,1832,5,1103,119390337737,Out > In
Feb 2020,155,3,365833,7,217955466517,43,5764014504,9,223719481021,9,14480,35,27,3,58341,9,466,212191452013,Out > In
Feb 2020,215,9,175570,9,183758953566,37,6700291042,10,190459244608,19,4493,72,8,7,53757,53,30,177058662524,Out > In
Feb 2020,160,27,11442,21,68260958765,3,121062838527,11,189323797292,20,4475,19,63,30,5423,3,7964,52801879762,In > Out
Feb 2020,221,10,175491,10,179716821981,38,6699247286,12,186416069267,17,4616,56,12,8,53635,84,11,173017574695,Out > In
Feb 2020,225,11,173742,11,178366714703,36,6781014378,13,185147729081,16,4619,57,12,5,54131,54,30,171585700325,Out > In
Feb 2020,168,12,168660,12,175605030063,40,6670996966,14,182276027029,23,4405,69,9,9,53549,81,12,168934033097,Out > In
Feb 2020,150,8,178102,13,174360087065,34,7160864901,15,181520951966,22,4414,103,4,6,54087,62,21,167199222164,Out > In
Feb 2020,235,5,318992,14,171053083826,48,4755022560,16,175808106386,10,11877,124,2,13,43040,128,2,166298061266,Out > In
Feb 2020,73,18,57893,15,149574798118,33,7385097253,17,156959895371,11,10826,36,26,18,28891,33,102,142189700865,Out > In
Feb 2020,38,6,315024,18,114024558071,7,36078732099,18,150103290170,4,35632,38,22,11,52967,129,2,77945825972,Out > In
Feb 2020,256,28,9009,23,61419703476,4,80705472681,19,142125176157,15,5663,53,16,31,4208,4,4148,19285769205,In > Out
Feb 2020,52,36,3210,16,138677365430,63,1866586762,20,140543952192,50,406,49,17,35,3024,63,19,136810778668,Out > In
Feb 2020,200,16,75469,17,115472071478,53,2702396335,21,118174467813,5,18949,31,32,17,33178,127,2,112769675143,Out > In
Feb 2020,90,13,136568,19,97988786269,44,5157910496,22,103146696765,41,777,55,13,12,50555,41,45,92830875773,Out > In
Feb 2020,37,24,15583,20,81409066995,51,3681931504,23,85090998499,24,4374,126,1,24,12408,126,2,77727135491,Out > In
Feb 2020,179,21,43569,22,64442540831,45,4956246483,24,69398787314,21,4434,78,7,22,13480,74,14,59486294348,Out > In
Feb 2020,19,19,47028,27,34806916339,10,24209227870,25,59016144209,8,14767,46,17,20,23582,97,4,10597688469,Out > In
Feb 2020,122,31,7359,24,54377006994,52,3351701065,26,57728708059,34,1014,62,10,33,3523,77,13,51025305929,Out > In
Feb 2020,169,73,465,25,44381887300,29,8585896799,27,52967784099,76,95,75,7,67,387,89,8,35795990501,Out > In
Feb 2020,124,50,1190,29,29985781195,12,22683333762,28,52669114957,40,832,12,82,53,635,11,440,7302447433,Out > In
Feb 2020,70,38,3041,30,26772606533,18,20809301030,29,47581907563,29,1568,11,82,42,1753,28,207,5963305503,Out > In
Feb 2020,132,58,838,35,19524989787,14,22398814271,30,41923804058,44,565,2,111,56,545,13,376,2873824484,In > Out
Feb 2020,112,53,1035,34,20619624615,16,20963848349,31,41583472964,42,771,17,80,50,711,29,198,344223734,In > Out
Feb 2020,143,52,1061,45,14803069789,9,26584695348,32,41387765137,51,382,27,34,60,503,27,212,11781625559,In > Out
Feb 2020,161,42,2544,37,18194302975,13,22567977612,33,40762280587,28,1773,7,90,44,1336,6,732,4373674637,In > Out
Feb 2020,190,17,65270,28,31638153439,39,6684626140,34,38322779579,7,16193,39,21,15,37208,90,8,24953527299,Out > In
Feb 2020,212,29,8295,26,35583918071,58,2265479698,35,37849397769,27,2231,79,6,27,7189,110,3,33318438373,Out > In
Feb 2020,131,37,3123,46,13585601275,11,23595506726,36,37181108001,25,2962,9,86,38,2221,7,559,10009905451,In > Out
Feb 2020,98,61,677,52,9237726893,8,27911251928,37,37148978821,45,539,8,88,59,511,12,397,18673525035,In > Out
Feb 2020,133,72,478,42,15466659748,15,21608415011,38,37075074759,52,382,14,81,70,342,21,241,6141755263,In > Out
Feb 2020,171,51,1179,36,18492486748,22,15179830710,39,33672317458,36,987,15,80,48,943,19,267,3312656038,Out > In
Feb 2020,134,54,1016,41,15541889378,19,17404638428,40,32946527806,43,675,6,93,49,829,20,262,1862749050,In > Out
Feb 2020,229,59,795,43,15350473734,21,16421809683,41,31772283417,46,510,10,83,61,498,22,231,1071335949,In > Out
Feb 2020,127,76,432,40,16368481656,23,14338172488,42,30706654144,55,330,4,97,73,280,18,274,2030309168,Out > In
Feb 2020,35,20,44270,31,26552523821,50,3995033644,43,30547557465,14,6165,47,17,19,26992,103,4,22557490177,Out > In
Feb 2020,123,64,620,47,13018749916,27,13050676633,44,26069426549,53,343,5,96,71,310,14,375,31926717,In > Out
Feb 2020,81,22,24385,39,17379804498,31,8519681658,45,25899486156,32,1255,127,1,21,13679,141,1,8860122840,Out > In
Feb 2020,228,74,463,50,12075277997,26,13339926959,46,25415204956,58,294,13,81,74,250,15,304,1264648962,In > Out
Feb 2020,195,62,668,48,12933284497,28,12395946815,47,25329231312,48,468,3,104,64,434,24,221,537337682,Out > In
Feb 2020,51,43,2306,33,22078577738,65,1853619761,48,23932197499,68,150,68,9,40,1929,10,458,20224957977,Out > In
Feb 2020,59,25,15209,44,15200500162,30,8578576604,49,23779076766,38,835,96,4,25,12303,37,77,6621923558,Out > In
Feb 2020,128,57,839,51,10125632633,25,13544578946,50,23670211579,47,498,16,80,58,536,16,276,3418946313,In > Out
Feb 2020,91,32,6065,32,22966939589,81,519500250,51,23486439839,30,1403,61,10,29,5706,69,17,22447439339,Out > In
Feb 2020,55,34,3834,38,18172280227,87,416633170,52,18588913397,35,996,76,7,32,3574,80,12,17755647057,Out > In
Feb 2020,65,41,2733,60,5647240801,32,7410872132,53,13058112933,89,45,85,6,36,2635,65,18,1763631331,In > Out
Feb 2020,241,136,5,49,12279234535,105,94119815,54,12373354350,123,4,102,4,132,5,118,2,12185114720,Out > In
Feb 2020,197,87,177,61,5333280877,41,6469030286,55,11802311163,71,118,18,65,86,110,35,96,1135749409,In > Out
Feb 2020,60,26,13016,53,9135461586,68,1471270422,56,10606732008,26,2858,34,28,26,10525,113,3,7664191164,Out > In
Feb 2020,104,114,32,54,7676051394,57,2345694726,57,10021746120,107,15,65,10,107,32,75,14,5330356668,Out > In
Feb 2020,74,49,1193,70,2456289621,35,7056883533,58,9513173154,57,319,43,19,65,409,59,23,4600593912,In > Out
Feb 2020,99,70,527,55,7041429296,67,1740518503,59,8781947799,60,236,52,16,66,404,50,32,5300910793,Out > In
Feb 2020,16,86,192,58,5760807224,59,2187824245,60,7948631469,74,101,70,8,81,139,30,153,3572982979,Out > In
Feb 2020,129,35,3370,67,3530353297,49,3999417723,61,7529771020,39,835,40,21,37,2500,38,54,469064426,In > Out
Feb 2020,7,47,1287,63,4462212732,55,2668110326,62,7130323058,56,322,44,19,45,1234,57,26,1794102406,Out > In
Feb 2020,94,44,2234,59,5683792184,74,1014595531,63,6698387715,54,341,111,3,43,1380,8,482,4669196653,Out > In
Feb 2020,86,23,16872,57,6307614414,92,195375199,64,6502989613,13,6335,110,3,23,13090,117,2,6112239215,Out > In
Feb 2020,5,68,601,75,1660947098,47,4818463606,65,6479410704,64,174,63,10,55,591,51,32,3157516508,In > Out
Feb 2020,85,91,137,65,4272792728,62,1867636222,66,6140428950,85,71,83,6,103,42,76,13,2405156506,Out > In
Feb 2020,79,79,335,81,1167637311,46,4853934774,67,6021572085,106,15,93,5,92,77,17,275,3686297463,In > Out
Feb 2020,103,78,342,62,4853345705,99,135210019,68,4988555724,67,161,104,3,75,238,88,8,4718135686,Out > In
Feb 2020,146,30,8269,64,4325560106,84,447434889,69,4772994995,33,1239,128,1,28,5940,125,2,3878125217,Out > In
Feb 2020,4,107,47,66,3655273078,96,165290829,70,3820563907,110,11,81,6,106,33,43,42,3489982249,Out > In
Feb 2020,184,80,317,82,1011393931,54,2676000227,71,3687394158,75,99,64,10,80,174,32,130,1664606296,In > Out
Feb 2020,58,132,7,76,1647652759,61,2011941903,72,3659594662,115,7,89,5,130,5,93,7,364289144,In > Out
Feb 2020,46,67,603,80,1298995981,60,2091818107,73,3390814088,49,459,23,39,68,358,25,220,792822126,In > Out
Feb 2020,118,84,207,87,715261689,56,2595450604,74,3310712293,80,90,41,19,84,121,36,91,1880188915,In > Out
Feb 2020,154,121,19,73,1795355670,73,1093569961,75,2888925631,122,4,105,3,115,19,70,17,701785709,Out > In
Feb 2020,101,69,550,68,2693507030,94,192574236,76,2886081266,59,280,45,17,62,467,46,39,2500932794,Out > In
Feb 2020,109,140,4,77,1535470079,71,1293889346,77,2829359425,131,2,140,1,136,4,99,4,241580733,Out > In
Feb 2020,57,33,3863,69,2672080652,104,98185352,78,2770266004,62,213,94,4,34,3290,61,21,2573895300,Out > In
Feb 2020,48,95,110,88,624008095,64,1861620041,79,2485628136,91,43,29,33,87,107,42,43,1237611946,In > Out
Feb 2020,165,46,1648,71,2331198616,103,101123503,80,2432322119,65,168,101,4,46,1117,92,7,2230075113,Out > In
Feb 2020,198,71,495,72,2222345900,100,133589351,81,2355935251,69,139,129,1,79,184,86,9,2088756549,Out > In
Feb 2020,45,92,131,91,506122158,66,1814695509,82,2320817667,90,44,26,35,83,122,47,38,1308573351,In > Out
Feb 2020,117,55,965,74,1765801557,89,313264142,83,2079065699,83,79,59,11,54,617,23,225,1452537415,Out > In
Feb 2020,102,83,211,78,1478337613,79,529926924,84,2008264537,86,64,131,1,76,210,150,1,948410689,Out > In
Feb 2020,44,85,199,95,451651273,70,1342386261,85,1794037534,81,83,22,41,78,186,39,53,890734988,In > Out
Feb 2020,234,94,120,103,285271964,69,1451526072,86,1736798036,82,82,67,9,96,66,73,15,1166254108,In > Out
Feb 2020,92,65,618,79,1470191631,95,182989164,87,1653180795,72,106,71,8,57,538,66,18,1287202467,Out > In
Feb 2020,141,141,3,98,379623781,72,1240914022,88,1620537803,124,3,136,1,140,3,107,3,861290241,In > Out
Feb 2020,89,113,35,85,866014944,77,713401816,89,1579416760,100,20,87,6,111,24,58,25,152613128,Out > In
Feb 2020,242,103,57,83,969440258,82,518783656,90,1488223914,93,34,60,10,100,55,72,16,450656602,Out > In
Feb 2020,119,77,371,84,923145890,88,378227238,91,1301373128,66,162,58,11,69,353,31,146,544918652,Out > In
Feb 2020,236,108,46,101,304604606,75,932488696,92,1237093302,94,28,132,1,110,28,44,41,627884090,In > Out
Feb 2020,204,82,253,102,291523767,76,855329680,93,1146853447,73,105,50,17,89,92,49,32,563805913,In > Out
Feb 2020,130,115,30,89,575429222,86,421233817,94,996663039,97,22,66,10,122,9,52,30,154195405,Out > In
Feb 2020,83,110,41,99,332071869,78,559177878,95,891249747,98,21,91,5,117,15,82,11,227106009,In > Out
Feb 2020,29,89,165,100,328690564,80,522039424,96,850729988,95,26,118,2,97,66,45,40,193348860,In > Out
Feb 2020,115,145,3,86,740432233,130,6314664,97,746746897,130,2,139,1,141,3,112,3,734117569,Out > In
Feb 2020,14,112,38,90,525971220,93,192855280,98,718826500,109,11,82,6,105,37,68,17,333115940,Out > In
Feb 2020,82,104,57,93,461527180,91,195716196,99,657243376,103,18,74,8,102,48,67,17,265810984,Out > In
Feb 2020,56,128,11,110,143235883,83,505127964,100,648363847,113,9,100,4,131,5,83,11,361892081,In > Out
Feb 2020,250,75,460,108,204100659,85,435117154,101,639217813,84,78,73,8,95,68,26,218,231016495,In > Out
Feb 2020,207,48,1204,92,488525138,107,86196153,102,574721291,70,137,130,1,47,1032,137,1,402328985,Out > In
Feb 2020,183,60,723,94,452686267,106,92136665,103,544822932,77,94,92,5,51,656,91,7,360549602,Out > In
Feb 2020,206,66,618,97,403347382,102,111585434,104,514932816,63,187,95,4,63,441,108,3,291761948,Out > In
Feb 2020,53,120,21,96,426773309,112,50537359,105,477310668,105,17,112,3,113,21,78,12,376235950,Out > In
Feb 2020,77,45,1663,104,241894243,90,228805476,106,470699719,102,20,99,4,109,30,95,6,13088767,Out > In
Feb 2020,111,105,56,109,174918754,98,136664860,107,311583614,99,20,133,1,108,32,71,16,38253894,Out > In
Feb 2020,164,81,315,105,239157544,115,42525038,108,281682582,88,53,84,6,77,210,98,4,196632506,Out > In
Feb 2020,149,88,176,106,223055472,113,50248518,109,273303990,87,62,90,5,82,136,79,12,172806954,Out > In
Feb 2020,209,117,22,107,216840487,132,5265903,110,222106390,111,11,80,6,112,22,131,2,211574584,Out > In
Feb 2020,166,130,9,118,66081244,97,154433748,111,220514992,119,5,109,3,139,3,87,9,88352504,In > Out
Feb 2020,157,138,5,117,80441740,101,123736834,112,204178574,132,2,141,1,137,4,101,4,43295094,In > Out
Feb 2020,156,56,888,112,131848713,111,58101422,113,189950135,61,222,115,2,72,281,85,10,73747291,Out > In
Feb 2020,170,63,665,115,95172000,108,77223129,114,172395129,101,20,88,6,52,643,60,22,17948871,Out > In
Feb 2020,180,93,129,113,123411663,117,37204748,115,160616411,78,93,116,2,85,111,100,4,86206915,Out > In
Feb 2020,191,116,26,111,132406792,118,22176000,116,154582792,108,13,97,4,124,8,56,26,110230792,Out > In
Feb 2020,239,147,2,116,93233296,114,48427592,117,141660888,133,2,142,1,145,2,121,2,44805704,Out > In
Feb 2020,3,123,18,114,119095307,127,7096187,118,126191494,125,3,120,2,134,4,106,3,111999120,Out > In
Feb 2020,224,153,1,121,32556186,110,68375153,119,100931339,147,1,148,1,150,1,144,1,35818967,In > Out
Feb 2020,153,124,15,130,5771156,109,70212482,120,75983638,127,3,122,2,144,2,105,4,64441326,In > Out
Feb 2020,120,135,7,120,35166514,116,39653005,121,74819519,118,6,107,3,126,7,104,4,4486491,In > Out
Feb 2020,167,122,19,119,44444092,128,6860757,122,51304849,104,17,113,3,116,19,64,18,37583335,Out > In
Feb 2020,196,100,73,123,29140666,120,16836236,123,45976902,96,25,25,36,94,73,102,4,12304430,Out > In
Feb 2020,100,90,141,122,29227685,121,11994375,124,41222060,79,91,117,2,88,97,48,33,17233310,Out > In
Feb 2020,126,102,59,124,24567441,131,5610512,125,30177953,134,2,123,2,99,59,148,1,18956929,Out > In
Feb 2020,174,118,22,127,10267580,119,18998308,126,29265888,135,2,143,1,148,1,122,2,8730728,In > Out
Feb 2020,72,101,66,125,16925820,135,3985593,127,20911413,92,43,42,19,98,65,130,2,12940227,Out > In
Feb 2020,222,98,77,128,9386726,125,9232846,128,18619572,120,5,119,2,128,7,116,2,153880,Out > In
Feb 2020,43,125,13,126,12608084,149,240747,129,12848831,146,1,147,1,119,13,153,1,12367337,Out > In
Feb 2020,145,96,88,143,451852,122,10652364,130,11104216,136,2,24,36,90,88,139,1,10200512,In > Out
Feb 2020,47,97,84,144,431568,123,10303786,131,10735354,137,2,28,34,91,83,136,1,9872218,In > Out
Feb 2020,139,99,76,145,420432,124,9924513,132,10344945,138,2,33,30,93,75,149,1,9504081,In > Out
Feb 2020,1,109,43,131,4886568,133,4800416,133,9686984,139,2,144,1,129,7,134,1,86152,Out > In
Feb 2020,246,149,2,141,707367,126,7675514,134,8382881,140,2,114,2,143,2,120,2,6968147,In > Out
Feb 2020,25,119,21,129,7033789,148,327374,135,7361163,112,10,134,1,114,21,151,1,6706415,Out > In
Feb 2020,144,106,49,146,266856,129,6388354,136,6655210,141,2,37,25,101,49,145,1,6121498,In > Out
Feb 2020,97,111,38,149,190356,134,4550339,137,4740695,142,2,51,17,104,38,146,1,4359983,In > Out
Feb 2020,9,142,3,136,1432194,137,3112788,138,4544982,126,3,121,2,138,3,115,3,1680594,In > Out
Feb 2020,34,129,11,135,2092605,139,2060182,139,4152787,128,3,137,1,121,11,138,1,32423,Out > In
Feb 2020,84,152,1,133,3398398,143,664483,140,4062881,148,1,149,1,151,1,135,1,2733915,Out > In
Feb 2020,80,134,7,148,230766,136,3628631,141,3859397,116,7,108,3,127,7,114,3,3397865,In > Out
Feb 2020,110,137,5,132,3494823,146,363565,142,3858388,143,2,145,1,133,5,119,2,3131258,Out > In
Feb 2020,54,127,12,134,2382625,145,414504,143,2797129,114,9,135,1,120,12,132,2,1968121,Out > In
Feb 2020,192,148,2,151,91451,138,2248199,144,2339650,149,1,150,1,152,1,124,2,2156748,In > Out
Feb 2020,151,126,13,153,73024,140,1692185,145,1765209,144,2,86,6,118,13,152,1,1619161,In > Out
Feb 2020,176,131,9,139,1101179,144,598928,146,1700107,117,6,98,4,123,9,133,2,502251,Out > In
Feb 2020,202,133,7,140,1071787,147,336158,147,1407945,121,5,106,3,125,7,154,1,735629,Out > In
Feb 2020,114,154,1,137,1246060,152,78532,148,1324592,150,1,151,1,153,1,155,1,1167528,Out > In
Feb 2020,159,143,3,138,1186288,155,8488,149,1194776,151,1,152,1,142,3,111,3,1177800,Out > In
Feb 2020,63,150,2,147,242363,142,820242,150,1062605,145,2,146,1,149,1,123,2,577879,In > Out
Feb 2020,203,144,3,154,63413,141,919840,151,983253,152,1,153,1,154,1,109,3,856427,In > Out
Feb 2020,230,139,4,142,590229,154,25157,152,615386,129,3,138,1,135,4,140,1,565072,Out > In
Feb 2020,214,155,1,150,175826,151,87125,153,262951,153,1,154,1,147,1,143,1,88701,Out > In
Feb 2020,12,146,2,155,9072,150,207369,154,216441,154,1,155,1,146,2,142,1,198297,In > Out
Feb 2020,178,151,1,152,76831,153,51423,155,128254,155,1,125,1,155,1,147,1,25408,Out > In
Apr 2020,213,13,62197,3,860628214235,1,1533995317637,1,2394623531872,4,40606,1,254,11,30226,2,17623,673367103402,In > Out
Apr 2020,96,1,2562755,1,1671055023961,8,107492711120,2,1778547735081,1,178719,21,48,1,64558,82,5,1563562312841,Out > In
Apr 2020,160,24,15978,6,496214428719,2,1011428971800,3,1507643400519,16,6240,6,59,35,3757,3,8521,515214543081,In > Out
Apr 2020,142,2,1128964,2,1228700299976,19,24809633391,4,1253509933367,18,5549,13,55,2,63390,1,30675,1203890666585,Out > In
Apr 2020,210,31,7793,4,839678124081,5,243688756866,5,1083366880947,25,2649,102,2,29,6280,137,1,595989367215,Out > In
Apr 2020,208,5,430521,5,780748837888,24,21292568494,6,802041406382,2,62182,22,39,3,57549,94,4,759456269394,Out > In
Apr 2020,2,9,127216,7,485939207770,12,54606178521,7,540545386291,7,17605,27,27,7,45422,5,636,431333029249,Out > In
Apr 2020,235,3,914716,8,479364122085,31,15527264922,8,494891387007,10,13504,100,2,5,53004,107,2,463836857163,Out > In
Apr 2020,122,38,5115,51,11418134894,3,426204787573,9,437622922467,76,123,46,10,31,4883,51,19,414786652679,In > Out
Apr 2020,169,77,553,14,156744573443,4,248578354855,10,405322928298,74,126,57,7,71,433,37,47,91833781412,In > Out
Apr 2020,38,4,684846,10,302083286485,9,101670223043,11,403753509528,3,41265,34,20,4,54226,113,2,200413063442,Out > In
Apr 2020,73,15,60238,9,305968627501,42,7169104732,12,313137732233,12,10055,29,26,14,24853,44,33,298799522769,Out > In
Apr 2020,59,21,23660,15,143374651808,7,128332547811,13,271707199619,26,2580,75,4,18,16674,7,498,15042103997,Out > In
Apr 2020,81,8,148744,11,221162280911,14,39962621776,14,261124902687,24,2680,113,1,15,21197,141,1,181199659135,Out > In
Apr 2020,155,6,295242,12,192694117679,49,5563047665,15,198257165344,13,7132,30,26,6,51249,29,121,187131070014,Out > In
Apr 2020,200,12,67939,13,181950924967,55,3731174829,16,185682099796,8,16135,24,34,10,32534,97,3,178219750138,Out > In
Apr 2020,79,91,171,98,203858194,6,176140188910,17,176344047104,81,70,73,5,86,142,59,13,175936330716,In > Out
Apr 2020,131,45,3445,16,117894931126,25,19772309809,18,137667240935,29,1987,11,55,46,2228,19,253,98122621317,Out > In
Apr 2020,101,22,22409,19,100061675136,16,32205001624,19,132266676760,20,4165,49,9,27,7581,38,42,67856673512,Out > In
Apr 2020,127,52,2127,17,114113719468,29,16382818432,20,130496537900,35,1287,2,74,56,1094,11,408,97730901036,Out > In
Apr 2020,37,28,13141,18,103424582857,61,2587694872,21,106012277729,21,3674,126,1,23,10084,139,1,100836887985,Out > In
Apr 2020,133,55,1881,25,79334931796,23,21853547499,22,101188479295,33,1452,12,55,53,1384,18,257,57481384297,Out > In
Apr 2020,46,79,520,66,6069843973,10,91410173324,23,97480017297,57,399,53,8,69,453,30,106,85340329351,In > Out
Apr 2020,168,16,35877,20,88872273274,52,3943526810,24,92815800084,14,6345,45,10,17,16962,49,23,84928746464,Out > In
Apr 2020,215,18,32627,21,88871965837,53,3930082820,25,92802048657,15,6303,84,3,21,15187,69,8,84941883017,Out > In
Apr 2020,179,19,32267,22,87912178003,56,3482433068,26,91394611071,17,6233,85,3,20,15294,92,4,84429744935,Out > In
Apr 2020,60,11,95873,23,81539386860,43,7049053620,27,88588440480,9,13835,23,36,13,27864,93,4,74490333240,Out > In
Apr 2020,212,20,26453,24,80846054945,50,5548720499,28,86394775444,22,3571,59,7,19,15942,96,3,75297334446,Out > In
Apr 2020,52,23,18414,27,72422902327,41,8868358124,29,81291260451,27,2240,25,33,22,10984,47,25,63554544203,Out > In
Apr 2020,256,44,3696,38,25629130412,11,54925383868,30,80554514280,32,1776,43,13,45,2489,4,1399,29296253456,In > Out
Apr 2020,90,26,14316,26,74204893258,51,5223937722,31,79428830980,39,941,55,8,26,8165,32,67,68980955536,Out > In
Apr 2020,19,7,163321,29,62385357391,34,13787760089,32,76173117480,5,22437,28,27,9,33636,83,5,48597597302,Out > In
Apr 2020,150,27,14306,28,62769968529,57,3382556013,33,66152524542,23,2858,72,5,24,9855,63,12,59387412516,Out > In
Apr 2020,190,10,107269,30,53178020017,39,10364090934,34,63542110951,6,21490,35,19,8,42458,67,9,42813929083,Out > In
Apr 2020,35,14,60340,32,46823152179,36,12258784300,35,59081936479,19,5286,32,22,12,28997,74,7,34564367879,Out > In
Apr 2020,91,30,9622,31,50781565972,68,1116718998,36,51898284970,31,1813,69,6,25,8615,66,10,49664846974,Out > In
Apr 2020,143,88,205,69,5062475955,13,46386271906,37,51448747861,78,120,67,6,97,57,24,197,41323795951,In > Out
Apr 2020,165,42,3881,36,28534945997,28,18384279658,38,46919225655,41,789,65,6,40,3073,64,11,10150666339,Out > In
Apr 2020,229,64,858,57,8846291250,15,37571012327,39,46417303577,42,740,10,56,60,746,16,317,28724721077,In > Out
Apr 2020,128,83,363,41,19563085173,18,26788965737,40,46352050910,65,282,9,57,84,207,25,174,7225880564,In > Out
Apr 2020,85,46,3401,34,31870692315,35,13494313711,41,45365006026,61,354,38,17,90,81,31,68,18376378604,Out > In
Apr 2020,195,57,1612,33,34205349969,38,10547429074,42,44752779043,53,429,7,59,61,673,21,232,23657920895,Out > In
Apr 2020,98,50,2603,40,20773059860,27,18579388169,43,39352448029,28,2088,14,54,49,2066,10,423,2193671691,Out > In
Apr 2020,134,53,2125,63,6739300336,17,29415537833,44,36154838169,30,1901,19,49,50,1873,8,452,22676237497,In > Out
Apr 2020,123,56,1845,52,11161397302,20,23800150713,45,34961548015,37,1107,16,52,52,1662,14,328,12638753411,In > Out
Apr 2020,171,72,645,50,11431488853,21,22652947396,46,34084436249,49,517,3,63,66,529,13,350,11221458543,In > Out
Apr 2020,70,86,285,43,15077622523,26,18593915660,47,33671538183,72,219,5,59,82,218,26,164,3516293137,In > Out
Apr 2020,209,65,810,35,30243177354,97,167474165,48,30410651519,107,8,62,7,57,800,70,8,30075703189,Out > In
Apr 2020,124,78,521,61,7707204401,22,22652108767,49,30359313168,62,310,8,57,79,310,20,236,14944904366,In > Out
Apr 2020,112,76,568,45,13360291054,32,14711325007,50,28071616061,58,380,18,50,77,333,23,205,1351033953,In > Out
Apr 2020,149,40,4397,37,26510168982,63,1464849483,51,27975018465,48,534,71,5,36,3624,91,4,25045319499,Out > In
Apr 2020,132,62,1013,53,10875757645,33,14706973425,52,25582731070,54,423,15,54,59,761,12,399,3831215780,In > Out
Apr 2020,161,70,700,60,8243751116,30,16103005505,53,24346756621,46,588,4,61,65,583,15,323,7859254389,In > Out
Apr 2020,197,69,703,39,20830026755,60,2672990233,54,23503016988,56,406,20,48,72,383,27,163,18157036522,Out > In
Apr 2020,5,54,1966,42,16181192407,46,6200991349,55,22382183756,67,269,56,8,51,1858,120,2,9980201058,Out > In
Apr 2020,228,58,1383,56,9303283468,37,11483000235,56,20786283703,38,1073,17,50,54,1183,17,271,2179716767,In > Out
Apr 2020,49,71,652,59,8380292599,40,9251566539,57,17631859138,84,67,40,14,98,56,9,441,871273940,In > Out
Apr 2020,94,39,4454,55,10239750339,45,6379171429,58,16618921768,43,629,86,3,37,3301,6,590,3860578910,Out > In
Apr 2020,99,41,4314,54,10321435460,48,5833872779,59,16155308239,50,516,44,12,38,3102,34,54,4487562681,Out > In
Apr 2020,221,29,10269,48,12452373343,62,1614257253,60,14066630596,34,1390,50,9,28,7028,56,13,10838116090,Out > In
Apr 2020,117,59,1299,44,13367578368,74,663338066,61,14030916434,44,615,51,9,68,500,22,214,12704240302,Out > In
Apr 2020,92,36,5636,46,13174756774,86,366557734,62,13541314508,51,465,78,4,81,248,46,27,12808199040,Out > In
Apr 2020,55,35,6001,47,12891747217,98,160725585,63,13052472802,36,1219,66,6,30,5453,114,2,12731021632,Out > In
Apr 2020,86,17,33471,49,12022493334,85,381849294,64,12404342628,11,11814,101,2,16,19613,104,2,11640644040,Out > In
Apr 2020,74,25,14409,62,6953547570,54,3861293628,65,10814841198,45,609,37,17,39,3088,45,30,3092253942,Out > In
Apr 2020,45,87,271,72,3873071589,47,6094102101,66,9967173690,69,230,111,1,83,211,41,39,2221030512,In > Out
Apr 2020,7,49,2946,64,6597244457,58,3330885676,67,9928130133,47,572,33,21,44,2569,33,61,3266358781,Out > In
Apr 2020,82,43,3859,58,8748691695,71,727622919,68,9476314614,71,222,61,7,43,2580,72,8,8021068776,Out > In
Apr 2020,44,116,13,117,30608268,44,6954150505,69,6984758773,111,6,117,1,124,6,80,6,6923542237,In > Out
Apr 2020,51,66,810,67,5551649183,66,1321264776,70,6872913959,66,271,48,9,58,799,35,52,4230384407,Out > In
Apr 2020,57,34,6293,65,6294802125,95,207468425,71,6502270550,60,366,68,6,32,4823,53,14,6087333700,Out > In
Apr 2020,181,32,7583,74,3620444707,59,2821331305,72,6441776012,64,285,47,10,33,4145,39,41,799113402,Out > In
Apr 2020,225,37,5391,68,5454233413,77,524895670,73,5979129083,63,293,54,8,41,2946,48,25,4929337743,Out > In
Apr 2020,102,81,449,71,4442708959,64,1457988204,74,5900697163,79,90,140,1,70,446,136,1,2984720755,Out > In
Apr 2020,191,110,24,70,4546754349,72,721772546,75,5268526895,119,4,94,3,107,24,57,13,3824981803,Out > In
Apr 2020,234,68,733,73,3708013995,78,507723936,76,4215737931,59,370,41,13,78,324,36,50,3200290059,Out > In
Apr 2020,207,48,3027,75,3308498681,81,442982405,77,3751481086,70,224,142,1,42,2844,122,2,2865516276,Out > In
Apr 2020,129,33,7104,77,2214397279,70,853903754,78,3068301033,40,837,36,17,34,3990,55,13,1360493525,Out > In
Apr 2020,4,95,104,76,2405296067,93,253071719,79,2658367786,90,32,64,6,87,93,43,33,2152224348,Out > In
Apr 2020,166,131,5,84,1017963315,65,1421922526,80,2439885841,118,4,105,2,137,2,89,5,403959211,In > Out
Apr 2020,16,101,58,78,1859253644,106,52271515,81,1911525159,98,17,74,4,101,38,40,40,1806982129,Out > In
Apr 2020,119,80,475,79,1618810898,94,236021028,82,1854831926,85,62,52,9,75,359,58,13,1382789870,Out > In
Apr 2020,130,123,10,82,1227262472,79,489476358,83,1716738830,112,5,91,3,121,8,65,10,737786114,Out > In
Apr 2020,118,63,936,89,454894333,67,1189341917,84,1644236250,52,435,39,14,74,373,42,35,734447584,In > Out
Apr 2020,104,109,27,80,1385366193,99,159822308,85,1545188501,105,9,60,7,106,26,52,19,1225543885,Out > In
Apr 2020,164,47,3175,83,1099573626,84,414716472,86,1514290098,80,71,76,4,48,2088,100,3,684857154,Out > In
Apr 2020,183,61,1193,86,764009901,75,630288769,87,1394298670,75,124,63,6,55,1176,71,8,133721132,Out > In
Apr 2020,125,114,14,81,1361730973,112,24428311,88,1386159284,129,2,107,2,112,14,121,2,1337302662,Out > In
Apr 2020,154,51,2371,85,847367989,88,336869923,89,1184237912,92,26,103,2,47,2135,99,3,510498066,Out > In
Apr 2020,184,73,645,87,545452359,76,617775910,90,1163228269,77,121,58,7,67,520,28,147,72323551,In > Out
Apr 2020,89,128,6,105,103371328,69,869937281,91,973308609,120,4,95,3,131,3,79,6,766565953,In > Out
Apr 2020,236,129,6,94,239668502,73,715454517,92,955123019,123,3,128,1,132,3,75,6,475786015,In > Out
Apr 2020,198,67,780,92,366688835,80,467236347,93,833925182,68,239,112,1,76,337,81,6,100547512,In > Out
Apr 2020,180,82,405,93,343146685,82,437510855,94,780657540,73,177,80,4,73,380,68,9,94364170,In > Out
Apr 2020,206,60,1257,88,522487537,96,204745307,95,727232844,55,415,87,3,62,648,101,3,317742230,Out > In
Apr 2020,204,107,28,96,219656074,83,430006217,96,649662291,94,25,104,2,105,27,86,5,210350143,In > Out
Apr 2020,84,125,7,91,437237573,113,24285191,97,461522764,113,4,119,1,122,7,78,6,412952382,Out > In
Apr 2020,100,96,84,90,444767591,120,8877771,98,453645362,83,68,70,5,93,77,61,13,435889820,Out > In
Apr 2020,170,74,634,107,87542881,91,328234891,99,415777772,101,14,79,4,63,626,77,6,240692010,In > Out
Apr 2020,167,127,6,111,37113948,87,340402273,100,377516221,114,4,92,3,135,3,76,6,303288325,In > Out
Apr 2020,241,139,3,119,19170648,89,334957633,101,354128281,130,2,98,3,134,3,140,1,315786985,In > Out
Apr 2020,111,93,121,97,208508492,102,125879367,102,334387859,87,45,138,1,89,89,54,14,82629125,Out > In
Apr 2020,178,140,3,135,1720823,90,329119526,103,330840349,131,2,108,2,140,2,103,3,327398703,In > Out
Apr 2020,120,75,608,100,180609581,100,133839059,104,314448640,103,10,144,1,64,599,119,2,46770522,Out > In
Apr 2020,146,137,4,133,2835254,92,295849682,105,298684936,115,4,93,3,138,2,95,4,293014428,In > Out
Apr 2020,175,117,13,95,220488169,111,27933920,106,248422089,139,1,121,1,113,13,144,1,192554249,Out > In
Apr 2020,114,135,4,99,182678623,124,3721315,107,186399938,128,3,133,1,129,4,132,1,178957308,Out > In
Apr 2020,14,104,44,101,178774974,121,7074766,108,185849740,127,3,106,2,100,44,111,2,171700208,Out > In
Apr 2020,230,89,198,102,176805269,123,4599540,109,181404809,102,12,143,1,85,197,135,1,172205729,Out > In
Apr 2020,50,130,6,104,111499261,105,60542999,110,172042260,126,3,132,1,123,6,129,1,50956262,Out > In
Apr 2020,29,92,164,103,127867442,109,39396943,111,167264385,93,26,136,1,92,78,60,13,88470499,Out > In
Apr 2020,156,111,21,132,3348223,101,130455892,112,133804115,108,8,114,1,133,3,50,21,127107669,In > Out
Apr 2020,53,103,45,126,9271202,103,122847009,113,132118211,106,8,83,3,99,45,85,5,113575807,In > Out
Apr 2020,9,115,13,120,15177999,104,102434917,114,117612916,109,7,89,3,125,5,62,13,87256918,In > Out
Apr 2020,54,98,76,106,101124623,131,1316082,115,102440705,91,27,135,1,94,76,116,2,99808541,Out > In
Apr 2020,250,100,63,108,46928124,107,40633678,116,87561802,88,39,81,4,95,62,84,5,6294446,Out > In
Apr 2020,103,94,109,109,46764842,108,40612677,117,87377519,86,50,88,3,88,90,106,2,6152165,Out > In
Apr 2020,48,99,72,115,32580564,110,28579646,118,61160210,100,15,141,1,114,11,105,2,4000918,Out > In
Apr 2020,77,85,306,112,34887721,114,23544240,119,58431961,110,7,90,3,111,15,102,3,11343481,Out > In
Apr 2020,72,84,308,110,43546593,118,14159312,120,57705905,82,70,31,25,80,306,123,2,29387281,Out > In
Apr 2020,151,90,182,114,33904728,115,19000018,121,52904746,95,23,137,1,108,16,128,1,14904710,Out > In
Apr 2020,242,97,81,116,31634629,122,6297249,122,37931878,99,15,42,13,91,81,90,4,25337380,Out > In
Apr 2020,25,105,38,113,33991864,132,1238954,123,35230818,97,21,139,1,102,38,134,1,32752910,Out > In
Apr 2020,43,106,30,118,28365488,127,2334273,124,30699761,124,3,131,1,103,30,130,1,26031215,Out > In
Apr 2020,83,124,9,129,4708383,117,15479171,125,20187554,121,4,77,4,119,9,73,8,10770788,In > Out
Apr 2020,192,118,12,137,889787,116,18706879,126,19596666,125,3,97,3,120,9,87,5,17817092,In > Out
Apr 2020,174,126,7,130,4333448,119,12638216,127,16971664,132,2,134,1,144,1,115,2,8304768,In > Out
Apr 2020,115,132,5,122,14073148,126,2360727,128,16433875,133,2,115,1,127,5,88,5,11712421,Out > In
Apr 2020,13,134,5,121,14305130,134,764047,129,15069177,141,1,125,1,128,5,131,1,13541083,Out > In
Apr 2020,21,142,1,123,12812500,140,248162,130,13060662,142,1,127,1,142,1,143,1,12564338,Out > In
Apr 2020,126,112,16,125,9630487,129,1836065,131,11466552,122,4,96,3,109,16,117,2,7794422,Out > In
Apr 2020,177,120,11,124,9709944,139,257171,132,9967115,134,2,116,1,115,11,124,1,9452773,Out > In
Apr 2020,196,102,58,128,5313136,128,2176934,133,7490070,89,35,26,32,96,57,110,2,3136202,Out > In
Apr 2020,109,113,16,127,5716589,138,280155,134,5996744,104,10,110,1,110,16,118,2,5436434,Out > In
Apr 2020,202,108,27,131,3737179,136,346998,135,4084177,96,22,82,4,104,27,112,2,3390181,Out > In
Apr 2020,203,143,1,144,114646,125,3576413,136,3691059,143,1,129,1,141,1,142,1,3461767,In > Out
Apr 2020,144,122,10,134,2586406,143,134312,137,2720718,117,4,123,1,117,10,126,1,2452094,Out > In
Apr 2020,26,119,11,141,340581,130,1381619,138,1722200,144,1,130,1,116,11,125,1,1041038,In > Out
Apr 2020,1,121,11,138,778422,133,777044,139,1555466,116,4,122,1,118,9,127,1,1378,Out > In
Apr 2020,222,133,5,136,1092679,142,193635,140,1286314,135,2,109,2,126,5,108,2,899044,Out > In
Apr 2020,159,144,1,140,361902,135,677680,141,1039582,138,1,120,1,143,1,138,1,315778,In > Out
Apr 2020,176,136,4,139,530394,137,281831,142,812225,136,2,118,1,130,4,133,1,248563,Out > In
Apr 2020,80,138,3,142,194164,141,218688,143,412852,140,1,124,1,136,3,98,3,24524,In > Out
Apr 2020,56,141,2,143,159744,144,84093,144,243837,137,2,99,2,139,2,109,2,75651,Out > In
Sept 2020,210,29,8860,1,4585654176379,2,1507710940415,1,6093365116794,20,3000,99,2,24,7107,134,1,3077943235964,Out > In
Sept 2020,96,1,3889098,2,2934118635128,5,229226669661,2,3163345304789,1,240982,8,66,1,64607,76,7,2704891965467,Out > In
Sept 2020,213,19,24444,6,1232771505772,1,1855760083639,3,3088531589411,9,14107,1,254,18,10889,2,11913,622988577867,In > Out
Sept 2020,160,25,13464,7,789094685405,3,1282168931514,4,2071263616919,16,6721,15,60,34,4145,3,7591,493074246109,In > Out
Sept 2020,142,2,1108535,3,1898464168263,7,136187968383,5,2034652136646,17,5177,21,50,3,60789,1,27608,1762276199880,Out > In
Sept 2020,208,6,602256,4,1314004683290,26,26928495247,6,1340933178537,2,97522,26,36,2,62485,86,5,1287076188043,Out > In
Sept 2020,73,13,45729,5,1273323939112,15,45704757456,7,1319028696568,8,16448,22,45,13,22685,29,101,1227619181656,Out > In
Sept 2020,122,30,8355,9,529532505983,4,597428844808,8,1126961350791,26,2139,60,8,25,6264,6,281,67896338825,In > Out
Sept 2020,2,8,175426,8,692544044945,18,35711130527,9,728255175472,6,17995,30,26,8,49773,23,139,656832914418,Out > In
Sept 2020,235,3,957500,10,499806794862,36,15602164779,10,515408959641,7,17202,97,2,5,56670,106,2,484204630083,Out > In
Sept 2020,38,4,723186,13,318065513752,9,108264501052,11,426330014804,3,44042,28,30,4,57124,104,2,209801012700,Out > In
Sept 2020,60,7,293846,11,356187593201,33,17587804328,12,373775397529,4,37448,20,53,6,56404,93,4,338599788873,Out > In
Sept 2020,155,5,650242,12,353775910159,43,12416868924,13,366192779083,12,10295,31,23,7,52782,33,83,341359041235,Out > In
Sept 2020,221,22,15716,14,284585629129,37,14990466343,14,299576095472,21,2884,53,10,21,8420,53,23,269595162786,Out > In
Sept 2020,85,16,32638,22,124274311210,6,138997131604,15,263271442814,23,2639,36,16,69,279,38,58,14722820394,In > Out
Sept 2020,81,9,164978,15,202427894984,14,46664710733,16,249092605717,22,2742,128,1,14,21843,120,1,155763184251,Out > In
Sept 2020,52,15,34253,17,176112315529,47,10828480136,17,186940795665,36,1161,49,11,15,20668,59,16,165283835393,Out > In
Sept 2020,168,21,17309,16,176358108408,50,9482083127,18,185840191535,13,8542,45,11,22,7787,58,16,166876025281,Out > In
Sept 2020,59,14,39493,25,113448590864,10,69658764292,19,183107355156,25,2302,81,4,12,23334,21,143,43789826572,Out > In
Sept 2020,179,24,13585,18,141323102877,55,6592380915,20,147915483792,15,7916,94,3,30,4875,102,3,134730721962,Out > In
Sept 2020,215,23,13673,19,138209171876,53,6950182945,21,145159354821,14,7998,65,8,31,4859,61,15,131258988931,Out > In
Sept 2020,181,32,7843,20,130165055512,48,10383644910,22,140548700422,30,1917,37,16,28,4972,44,40,119781410602,Out > In
Sept 2020,37,20,21176,21,124443991783,63,3572259566,23,128016251349,18,4590,101,2,17,15006,121,1,120871732217,Out > In
Sept 2020,5,43,2835,24,113521521686,42,12668838832,24,126190360518,61,336,57,9,38,2685,74,8,100852682854,Out > In
Sept 2020,90,37,4787,23,117326392468,52,7213062679,25,124539455147,34,1601,58,9,35,3110,49,29,110113329789,Out > In
Sept 2020,79,70,502,85,1794767855,8,113340758216,26,115135526071,80,70,69,7,59,494,67,11,111545990361,In > Out
Sept 2020,256,39,3484,38,41083597669,11,67972030387,27,109055628056,29,1944,41,13,42,2159,4,911,26888432718,In > Out
Sept 2020,131,48,1888,36,43964226816,12,53674777798,28,97639004614,37,1091,12,63,50,1144,7,258,9710550982,In > Out
Sept 2020,123,40,3290,32,55684788230,19,34858341896,29,90543130126,31,1780,19,57,37,2995,30,99,20826446334,Out > In
Sept 2020,19,10,148806,29,73834825928,35,16483802870,30,90318628798,5,27920,27,33,9,33490,79,7,57351023058,Out > In
Sept 2020,128,76,291,40,39956154483,13,49838696687,31,89794851170,65,221,10,63,77,160,17,158,9882542204,In > Out
Sept 2020,35,12,50247,28,75629903394,40,13716109496,32,89346012890,19,3754,32,19,11,27534,103,3,61913793898,Out > In
Sept 2020,57,28,9727,26,84202788632,70,2430769248,33,86633557880,27,2065,56,9,27,5373,75,8,81772019384,Out > In
Sept 2020,91,31,8176,27,82277079655,62,3944281552,34,86221361207,33,1668,48,11,23,7442,45,39,78332798103,Out > In
Sept 2020,51,41,3152,31,56154809473,28,24817493347,35,80972302820,77,140,63,8,36,3011,36,63,31337316126,Out > In
Sept 2020,112,51,1612,33,47389000198,21,30233419809,36,77622420007,41,764,13,61,48,1482,18,151,17155580389,Out > In
Sept 2020,94,42,2889,30,61055927125,38,14901421869,37,75957348994,44,597,76,5,39,2355,8,244,46154505256,Out > In
Sept 2020,171,74,342,42,37894171306,17,37294908254,38,75189079560,63,271,6,71,71,216,10,202,599263052,Out > In
Sept 2020,127,44,2514,46,32189909694,16,37388423432,39,69578333126,58,364,9,64,41,2264,19,149,5198513738,In > Out
Sept 2020,70,83,218,45,32432962719,20,34578976940,40,67011939659,74,151,7,68,88,89,15,166,2146014221,In > Out
Sept 2020,101,67,608,35,44181978932,34,17039776665,41,61221755597,56,381,62,8,56,589,70,10,27142202267,Out > In
Sept 2020,133,60,892,49,23671204823,25,27713507496,42,51384712319,43,625,11,63,55,612,12,176,4042302673,In > Out
Sept 2020,169,62,807,39,40873889580,49,10313348575,43,51187238155,55,395,51,10,52,800,73,8,30560541005,Out > In
Sept 2020,124,80,244,52,22803722892,23,28221461641,44,51025184533,68,176,2,76,82,129,24,136,5417738749,In > Out
Sept 2020,98,81,223,53,21486520186,22,29354862325,45,50841382511,72,155,14,61,84,105,22,142,7868342139,In > Out
Sept 2020,132,50,1812,50,22972443084,24,27833413080,46,50805856164,52,425,4,73,57,536,26,125,4860969996,In > Out
Sept 2020,190,11,55752,34,45470781592,68,2608511372,47,48079292964,10,11756,42,12,10,32216,87,5,42862270220,Out > In
Sept 2020,229,65,690,51,22942886918,29,20725096095,48,43667983013,47,512,17,59,60,492,20,144,2217790823,Out > In
Sept 2020,86,17,32079,37,41214976633,91,610450338,49,41825426971,11,11328,96,2,16,20479,113,2,40604526295,Out > In
Sept 2020,161,66,619,60,15143122120,27,25173015485,50,40316137605,49,510,5,72,62,471,16,165,10029893365,In > Out
Sept 2020,209,52,1570,41,38706222978,80,963982047,51,39670205025,101,17,73,6,47,1495,94,4,37742240931,Out > In
Sept 2020,103,55,1286,43,36684628423,69,2502365269,52,39186993692,62,273,129,1,51,1005,89,4,34182263154,Out > In
Sept 2020,195,59,923,57,16900782981,30,20163822201,53,37064605182,59,344,3,75,63,447,25,134,3263039220,In > Out
Sept 2020,92,18,31748,44,34219934689,84,740081253,54,34960015942,24,2373,98,2,72,212,114,2,33479853436,Out > In
Sept 2020,134,79,254,62,14527863388,32,18300314648,55,32828178036,73,154,18,58,81,132,28,121,3772451260,In > Out
Sept 2020,55,27,11148,47,31473002322,93,548451588,56,32021453910,35,1474,93,3,20,8943,111,2,30924550734,Out > In
Sept 2020,228,68,532,64,12181576098,31,19733700109,57,31915276207,51,453,16,60,65,408,14,172,7552124011,In > Out
Sept 2020,49,72,375,58,16333852365,39,14581996717,58,30915849082,79,107,35,17,87,99,5,343,1751855648,Out > In
Sept 2020,120,87,165,56,18377904694,45,11858995001,59,30236899695,102,14,137,1,76,165,99,3,6518909693,Out > In
Sept 2020,212,33,6121,48,23847280225,98,415630999,60,24262911224,28,2003,61,8,26,5622,96,3,23431649226,Out > In
Sept 2020,117,36,5154,54,20379390894,79,990456984,61,21369847878,48,511,59,8,33,4506,13,175,19388933910,Out > In
Sept 2020,7,34,5717,61,14902603029,57,6213562835,62,21116165864,45,585,40,13,29,4961,27,123,8689040194,Out > In
Sept 2020,200,26,11442,55,19571530581,95,447490253,63,20019020834,32,1733,33,19,19,9771,90,4,19124040328,Out > In
Sept 2020,165,35,5414,59,15691003452,61,4101137794,64,19792141246,40,765,54,9,32,4852,54,21,11589865658,Out > In
Sept 2020,46,77,289,76,3530395443,44,12125517817,65,15655913260,66,199,23,42,85,102,9,222,8595122374,In > Out
Sept 2020,197,95,72,69,7957803475,51,7517903798,66,15475707273,85,53,24,41,100,36,39,57,439899677,Out > In
Sept 2020,119,46,2436,63,12670199993,71,2402206859,67,15072406852,70,168,50,11,40,2294,69,10,10267993134,Out > In
Sept 2020,74,38,4228,65,10272657176,59,4776502717,68,15049159893,38,881,38,15,43,2043,52,23,5496154459,Out > In
Sept 2020,44,103,34,84,1808296039,41,13019843558,69,14828139597,94,27,100,2,103,19,48,34,11211547519,In > Out
Sept 2020,29,86,169,78,2836655481,46,11629839814,70,14466495295,84,53,85,4,89,86,51,26,8793184333,In > Out
Sept 2020,104,89,153,67,9653172170,60,4747253318,71,14400425488,92,35,47,11,80,132,40,53,4905918852,Out > In
Sept 2020,234,94,72,70,5041762327,56,6491056828,72,11532819155,87,45,43,12,99,36,42,46,1449294501,In > Out
Sept 2020,16,91,126,66,10067800339,85,701531456,73,10769331795,96,25,72,6,96,47,37,59,9366268883,Out > In
Sept 2020,143,102,36,77,3288417111,54,6737950535,74,10026367646,95,27,71,6,101,24,47,34,3449533424,In > Out
Sept 2020,184,49,1854,68,8947170765,88,677567092,75,9624737857,54,409,44,11,45,1635,11,182,8269603673,Out > In
Sept 2020,48,90,135,73,3961552723,58,5630297274,76,9591849997,78,122,83,4,83,119,43,45,1668744551,In > Out
Sept 2020,118,71,383,72,4482003978,64,3535826769,77,8017830747,76,147,34,17,73,198,35,67,946177209,Out > In
Sept 2020,239,106,19,74,3850617216,65,3319827890,78,7170445106,108,7,79,4,105,19,66,11,530789326,Out > In
Sept 2020,207,47,1991,71,4600880484,81,928419401,79,5529299885,39,850,109,2,46,1498,112,2,3672461083,Out > In
Sept 2020,82,85,172,80,2778738091,67,2712903547,80,5491641638,93,30,52,10,79,137,46,36,65834544,Out > In
Sept 2020,65,109,17,81,2092858933,72,2126726097,81,4219585030,104,11,90,3,107,12,62,13,33867164,In > Out
Sept 2020,4,88,155,75,3570005398,102,256424141,82,3826429539,86,50,70,6,78,151,64,12,3313581257,Out > In
Sept 2020,154,122,6,88,1658964296,73,2038677068,83,3697641364,113,5,84,4,116,6,101,3,379712772,In > Out
Sept 2020,198,54,1319,79,2828210698,87,679395580,84,3507606278,64,261,130,1,61,487,60,16,2148815118,Out > In
Sept 2020,83,93,83,92,1383150215,74,1942519706,85,3325669921,91,38,55,9,93,63,50,27,559369491,In > Out
Sept 2020,174,128,4,111,118119226,66,2790869281,86,2908988507,114,4,103,2,129,2,92,4,2672750055,In > Out
Sept 2020,129,45,2445,95,874807444,75,1783166243,87,2657973687,42,698,39,15,44,2001,65,12,908358799,In > Out
Sept 2020,170,100,52,82,2046706520,99,387862161,88,2434568681,100,18,46,11,98,36,41,49,1658844359,Out > In
Sept 2020,156,75,333,97,650093236,76,1716036179,89,2366129415,67,178,89,3,86,100,31,92,1065942943,In > Out
Sept 2020,99,78,275,87,1786314820,97,416831991,90,2203146811,83,54,64,8,70,268,57,17,1369482829,Out > In
Sept 2020,77,57,1018,91,1397750098,83,780465504,91,2178215602,88,45,86,4,90,70,56,17,617284594,Out > In
Sept 2020,80,113,11,83,1992399389,110,113873622,92,2106273011,131,1,116,1,110,11,68,11,1878525767,Out > In
Sept 2020,225,63,744,90,1408629219,86,688478969,93,2097108188,53,414,67,7,54,653,34,81,720150250,Out > In
Sept 2020,164,61,879,86,1791646952,101,290736069,94,2082383021,75,151,82,4,53,767,78,7,1500910883,Out > In
Sept 2020,149,58,958,89,1587214007,96,421485263,95,2008699270,46,534,75,5,58,501,80,7,1165728744,Out > In
Sept 2020,183,53,1344,93,1308688316,94,546951224,96,1855639540,69,171,78,4,49,1312,77,7,761737092,Out > In
Sept 2020,89,112,11,103,353335167,77,1491134262,97,1844469429,105,9,77,5,119,5,71,10,1137799095,In > Out
Sept 2020,224,125,5,102,364659620,78,1200847580,98,1565507200,120,3,106,2,121,4,88,5,836187960,In > Out
Sept 2020,102,96,68,94,1088541284,105,220725926,99,1309267210,89,44,133,1,91,68,123,1,867815358,Out > In
Sept 2020,166,124,6,99,567730507,92,605595912,100,1173326419,116,4,144,1,126,3,83,6,37865405,In > Out
Sept 2020,180,64,719,101,435960640,90,621975503,101,1057936143,50,469,92,3,66,380,72,8,186014863,In > Out
Sept 2020,130,119,7,108,136306852,82,898725511,102,1035032363,109,7,80,4,122,4,81,7,762418659,In > Out
Sept 2020,242,98,61,98,630124772,100,359493957,103,989618729,98,24,66,8,94,61,115,2,270630815,Out > In
Sept 2020,206,56,1231,96,722644814,103,253389216,104,976034030,57,373,74,5,67,331,85,5,469255598,Out > In
Sept 2020,58,143,1,107,137449737,89,631546383,105,768996120,130,1,115,1,135,1,136,1,494096646,In > Out
Sept 2020,159,121,7,100,451719442,107,162236296,106,613955738,110,7,140,1,125,4,84,6,289483146,Out > In
Sept 2020,150,131,3,105,223260812,106,192178601,107,415439413,121,3,107,2,130,2,95,3,31082211,Out > In
Sept 2020,111,82,218,104,235505039,111,107048977,108,342554016,82,55,132,1,75,167,55,20,128456062,Out > In
Sept 2020,141,129,4,116,57220268,104,240611699,109,297831967,123,2,145,1,133,1,91,4,183391431,In > Out
Sept 2020,250,92,90,113,97701156,109,137769524,110,235470680,90,40,87,3,118,6,32,88,40068368,In > Out
Sept 2020,100,73,370,112,114165507,114,48163152,111,162328659,60,344,91,3,68,320,82,6,66002355,Out > In
Sept 2020,220,107,19,106,156333952,128,1008572,112,157342524,107,8,139,1,104,19,125,1,155325380,Out > In
Sept 2020,192,117,8,126,6020584,108,146932822,113,152953406,119,3,105,2,113,8,130,1,140912238,In > Out
Sept 2020,175,140,1,109,134831127,116,10800283,114,145631410,129,1,114,1,134,1,135,1,124030844,Out > In
Sept 2020,72,69,532,110,133211718,117,10479169,115,143690887,71,162,25,39,64,432,105,2,122732549,Out > In
Sept 2020,167,130,4,119,22482032,112,99285805,116,121767837,118,4,88,3,123,4,100,3,76803773,In > Out
Sept 2020,84,132,2,133,2596171,113,93644791,117,96240962,124,2,110,1,131,2,110,2,91048620,In > Out
Sept 2020,50,116,10,114,72325567,115,22514780,118,94840347,111,6,141,1,112,10,129,1,49810787,Out > In
Sept 2020,126,84,182,115,66261722,123,2639866,119,68901588,145,1,136,1,74,181,122,1,63621856,Out > In
Sept 2020,14,105,21,117,32424335,120,4918774,120,37343109,117,4,104,2,102,21,97,3,27505561,Out > In
Sept 2020,191,127,4,118,32331664,129,831708,121,33163372,122,3,108,2,124,4,133,1,31499956,Out > In
Sept 2020,75,97,66,120,13003490,121,4079340,122,17082830,81,57,131,1,92,66,124,1,8924150,Out > In
Sept 2020,203,136,1,123,7292787,119,7250074,123,14542861,133,1,118,1,137,1,138,1,42713,Out > In
Sept 2020,146,110,13,125,6028125,118,8377615,124,14405740,103,12,102,2,128,2,63,13,2349490,In > Out
Sept 2020,177,114,11,121,11047717,135,287896,125,11335613,125,2,111,1,109,11,127,1,10759821,Out > In
Sept 2020,43,118,7,124,6453304,124,2563920,126,9017224,112,5,142,1,114,7,98,3,3889384,Out > In
Sept 2020,28,115,11,122,8295848,143,62595,127,8358443,126,2,112,1,111,11,128,1,8233253,Out > In
Sept 2020,196,99,55,127,5880041,131,604924,128,6484965,97,25,29,27,95,55,116,2,5275117,Out > In
Sept 2020,202,101,42,128,4862336,127,1251996,129,6114332,99,23,68,7,97,41,117,2,3610340,Out > In
Sept 2020,9,135,1,132,2905813,122,2755106,130,5660919,134,1,119,1,138,1,139,1,150707,Out > In
Sept 2020,54,144,1,134,1993031,125,2335278,131,4328309,135,1,120,1,139,1,140,1,342247,In > Out
Sept 2020,144,108,19,129,3441862,137,249008,132,3690870,106,9,138,1,106,19,107,2,3192854,Out > In
Sept 2020,222,120,7,130,3124823,133,500108,133,3624931,136,1,121,1,115,7,131,1,2624715,Out > In
Sept 2020,230,111,12,131,2910062,141,122163,134,3032225,115,4,143,1,108,12,126,1,2787899,Out > In
Sept 2020,1,104,22,135,1310940,126,1304462,135,2615402,137,1,122,1,120,5,132,1,6478,Out > In
Sept 2020,26,123,6,136,779454,139,215676,136,995130,127,2,113,1,117,6,108,2,563778,Out > In
Sept 2020,178,126,4,139,107201,130,667464,137,774665,138,1,123,1,140,1,141,1,560263,In > Out
Sept 2020,115,145,1,143,26792,132,551149,138,577941,139,1,124,1,141,1,142,1,524357,In > Out
Sept 2020,21,133,2,142,59473,134,484379,139,543852,128,2,95,2,132,2,118,2,424906,In > Out
Sept 2020,236,134,2,137,271864,136,261544,140,533408,140,1,125,1,127,2,109,2,10320,Out > In
Sept 2020,110,137,1,144,18220,138,243180,141,261400,141,1,126,1,142,1,143,1,224960,In > Out
Sept 2020,125,138,1,138,132694,142,71691,142,204385,142,1,127,1,143,1,144,1,61003,Out > In
Sept 2020,176,141,1,145,2378,140,132487,143,134865,143,1,134,1,144,1,145,1,130109,In > Out
Sept 2020,151,139,1,140,74184,144,41884,144,116068,144,1,135,1,145,1,119,1,32300,Out > In
Sept 2020,53,142,1,141,68555,145,41282,145,109837,132,1,117,1,136,1,137,1,27273,Out > In
Sept 2021,213,9,120254,1,4695317485982,1,7100314006301,1,11795631492283,3,47143,1,253,10,31856,1,23125,2404996520319,In > Out
Sept 2021,210,23,6177,2,2419939580504,2,867974584721,2,3287914165225,19,2321,96,2,20,5211,120,1,1551964995783,Out > In
Sept 2021,96,1,3274787,3,2188401641127,7,145767588614,3,2334169229741,1,286800,21,48,1,64712,89,5,2042634052513,Out > In
Sept 2021,160,21,9978,9,323705315479,3,662309598961,4,986014914440,15,3485,18,62,31,1876,4,4992,338604283482,In > Out
Sept 2021,208,4,523478,4,786992579414,37,13115457355,5,800108036769,2,83262,24,32,2,61209,101,3,773877122059,Out > In
Sept 2021,28,7,203104,5,691166382925,13,52471532855,6,743637915780,13,4020,22,45,8,36321,2,14282,638694850070,Out > In
Sept 2021,2,8,128316,10,316922739393,6,171337383220,7,488260122613,7,14552,25,29,6,43895,39,64,145585356173,Out > In
Sept 2021,256,22,8413,17,87709489036,4,286917378351,8,374626867387,14,3625,44,12,25,3207,3,5252,199207889315,In > Out
Sept 2021,52,14,26707,6,363991473610,45,6183587058,9,370175060668,24,1214,42,12,14,16687,6,1087,357807886552,Out > In
Sept 2021,60,6,263634,8,336418474573,33,20984263397,10,357402737970,5,40977,20,51,4,51958,104,2,315434211176,Out > In
Sept 2021,155,2,706304,7,341460590499,38,11319031483,11,352779621982,11,9952,27,24,5,50163,10,369,330141559016,Out > In
Sept 2021,38,3,542056,13,228250969496,9,70082399222,12,298333368718,4,42409,35,15,3,54108,105,2,158168570274,Out > In
Sept 2021,168,17,17770,12,231652691020,12,53804416795,13,285457107815,17,2442,57,8,17,9527,65,19,177848274225,Out > In
Sept 2021,49,46,926,32,31600385664,5,240584577443,14,272184963107,43,286,34,15,58,215,7,767,208984191779,In > Out
Sept 2021,235,5,514732,11,245428881757,41,7377833604,15,252806715361,8,13509,94,2,7,43639,113,2,238051048153,Out > In
Sept 2021,179,18,16038,14,188677427780,34,20154032570,16,208831460350,18,2335,85,3,19,7969,91,5,168523395210,Out > In
Sept 2021,79,63,321,15,115136079385,32,21367969615,17,136504049000,65,139,49,9,52,314,47,38,93768109770,Out > In
Sept 2021,171,38,1739,20,66335329042,11,63158232227,18,129493561269,23,1344,14,73,35,1575,26,162,3177096815,Out > In
Sept 2021,117,29,3964,21,51753810158,8,73403428417,19,125157238575,26,907,46,10,29,2212,5,1511,21649618259,In > Out
Sept 2021,81,11,80369,18,83952819579,27,27956038415,20,111908857994,16,2914,84,3,13,18849,28,123,55996781164,Out > In
Sept 2021,37,16,21635,16,93422596725,69,2023247991,21,95445844716,12,5231,95,2,15,15580,121,1,91399348734,Out > In
Sept 2021,131,45,1054,24,42429742328,16,50317261980,22,92747004308,33,539,8,86,45,568,16,282,7887519652,In > Out
Sept 2021,195,69,278,26,40913649088,15,51160500252,23,92074149340,52,217,5,89,71,131,25,195,10246851164,In > Out
Sept 2021,228,61,334,25,42140899343,17,49106131170,24,91247030513,53,199,16,67,64,153,22,238,6965231827,In > Out
Sept 2021,128,53,618,28,37517838723,18,46975971598,25,84493810321,39,402,10,79,47,368,12,315,9458132875,In > Out
Sept 2021,215,28,4026,19,76079541627,43,6624788521,26,82704330148,20,1760,77,4,28,2225,71,13,69454753106,Out > In
Sept 2021,112,67,304,29,36439005091,19,41518189767,27,77957194858,55,195,11,79,65,146,23,217,5079184676,In > Out
Sept 2021,35,24,5232,40,20988714621,14,52159696573,28,73148411194,28,756,40,12,21,4574,115,2,31170981952,In > Out
Sept 2021,123,62,322,34,29758968054,20,41194078787,29,70953046841,51,240,4,91,62,169,18,265,11435110733,In > Out
Sept 2021,120,50,731,63,4925863485,10,64989242802,30,69915106287,98,14,89,3,44,706,85,8,60063379317,In > Out
Sept 2021,127,56,424,33,29990288284,21,37209930670,31,67200218954,47,265,2,102,56,218,11,343,7219642386,In > Out
Sept 2021,70,64,320,30,35200299837,25,31015497562,32,66215797399,60,160,17,66,69,135,19,259,4184802275,Out > In
Sept 2021,229,66,309,35,28340815117,22,32397470330,33,60738285447,54,197,13,73,67,140,21,246,4056655213,In > Out
Sept 2021,98,60,346,37,26083962240,23,32255904816,34,58339867056,56,189,6,87,63,165,20,254,6171942576,In > Out
Sept 2021,124,52,708,39,24455925108,24,31266139734,35,55722064842,37,435,3,97,46,396,9,414,6810214626,In > Out
Sept 2021,132,43,1061,38,25933783314,29,26542035290,36,52475818604,27,791,7,86,42,820,14,295,608251976,In > Out
Sept 2021,197,79,146,41,20342522041,26,29429983649,37,49772505690,68,104,19,60,78,71,29,95,9087461608,In > Out
Sept 2021,55,37,1757,22,47058310501,92,399166875,38,47457477376,32,543,86,3,33,1706,99,3,46659143626,Out > In
Sept 2021,5,42,1072,23,44283587694,71,1860384052,39,46143971746,44,283,48,9,40,1049,76,10,42423203642,Out > In
Sept 2021,134,70,270,44,18060280429,28,27206393188,40,45266673617,62,157,15,70,74,121,24,217,9146112759,In > Out
Sept 2021,19,10,100063,27,39101830425,46,6143354569,41,45245184994,6,29685,37,14,9,35149,92,5,32958475856,Out > In
Sept 2021,161,58,367,42,19120271062,31,22454862072,42,41575133134,59,171,9,85,68,136,13,313,3334591010,In > Out
Sept 2021,190,12,41735,31,34681638179,44,6487696477,43,41169334656,10,10908,50,9,11,24160,88,6,28193941702,Out > In
Sept 2021,133,54,542,46,16929614637,30,22813540599,44,39743155236,41,318,12,79,55,265,8,422,5883925962,In > Out
Sept 2021,85,75,210,47,16796558249,36,13164792304,45,29961350553,71,85,28,22,86,34,34,76,3631765945,Out > In
Sept 2021,72,13,36930,36,27877565509,86,673850402,46,28551415911,9,12839,29,20,12,21790,112,2,27203715107,Out > In
Sept 2021,46,76,195,60,6472541647,35,17579916258,47,24052457905,66,112,26,26,79,62,27,159,11107374611,In > Out
Sept 2021,221,36,1797,49,12521648406,40,8384176784,48,20905825190,31,556,47,10,38,1245,52,28,4137471622,Out > In
Sept 2021,170,19,15753,54,8809516473,39,10930699945,49,19740216418,45,276,51,9,16,10990,60,24,2121183472,In > Out
Sept 2021,51,44,1058,45,17129242041,66,2125224007,50,19254466048,67,111,33,15,41,1010,31,91,15004018034,Out > In
Sept 2021,212,26,4262,43,18808516822,100,167348012,51,18975864834,22,1519,125,1,22,3986,145,1,18641168810,Out > In
Sept 2021,73,30,3265,52,11175197866,42,6771053332,52,17946251198,29,676,23,40,26,2486,32,90,4404144534,Out > In
Sept 2021,126,133,3,48,16157380456,96,288166972,53,16445547428,148,1,117,1,128,3,129,1,15869213484,Out > In
Sept 2021,242,74,210,50,11917924220,59,2861545156,54,14779469376,81,29,59,7,59,206,54,26,9056379064,Out > In
Sept 2021,184,20,14274,51,11593089202,67,2074879735,55,13667968937,21,1690,45,11,18,8997,17,269,9518209467,Out > In
Sept 2021,122,32,2329,53,9317706192,53,3753276803,56,13070982995,57,181,36,14,27,2236,58,25,5564429389,Out > In
Sept 2021,165,41,1269,57,7347046761,48,5252227153,57,12599273914,69,98,58,8,39,1217,50,30,2094819608,Out > In
Sept 2021,118,80,133,55,8502199118,56,3072666797,58,11574865915,72,77,39,13,75,105,38,66,5429532321,Out > In
Sept 2021,119,34,1889,62,5276205501,47,5290085317,59,10566290818,73,67,61,7,32,1843,66,16,13879816,In > Out
Sept 2021,181,51,724,59,7078448874,57,3018693876,60,10097142750,40,369,30,19,50,353,42,41,4059754998,Out > In
Sept 2021,74,40,1522,66,4511189913,51,4406218996,61,8917408909,34,504,31,19,43,806,36,69,104970917,Out > In
Sept 2021,143,91,42,69,3999735827,50,4709358010,62,8709093837,92,20,80,4,99,15,44,39,709622183,In > Out
Sept 2021,7,25,4421,61,5959475755,62,2528265063,63,8487740818,42,307,66,6,23,3925,46,38,3431210692,Out > In
Sept 2021,4,81,132,56,7513732699,103,131161049,64,7644893748,82,29,82,4,72,130,63,21,7382571650,Out > In
Sept 2021,183,15,26274,58,7179992142,109,76878199,65,7256870341,64,146,100,2,30,2158,119,1,7103113943,Out > In
Sept 2021,48,65,310,70,3471796306,54,3705202744,66,7176999050,74,54,74,5,93,20,15,286,233406438,In > Out
Sept 2021,149,39,1572,79,1547284373,49,4997876360,67,6545160733,46,276,62,7,37,1292,75,11,3450591987,In > Out
Sept 2021,65,47,821,67,4136053305,65,2248482089,68,6384535394,35,478,72,5,49,356,77,10,1887571216,Out > In
Sept 2021,104,94,37,64,4876806485,80,872506928,69,5749313413,91,20,43,12,89,23,51,28,4004299557,Out > In
Sept 2021,91,85,71,65,4610022820,81,869200777,70,5479223597,84,28,67,6,80,54,40,53,3740822043,Out > In
Sept 2021,90,92,37,91,829939116,52,3997025089,71,4826964205,83,29,38,13,101,14,49,31,3167085973,In > Out
Sept 2021,234,86,49,76,1722323061,61,2724904946,72,4447228007,78,34,52,9,95,19,43,39,1002581885,In > Out
Sept 2021,200,33,2324,68,4125787659,110,76085212,73,4201872871,30,559,69,5,36,1385,102,2,4049702447,Out > In
Sept 2021,225,78,150,87,1003373987,55,3150398814,74,4153772801,70,94,73,5,66,141,70,13,2147024827,In > Out
Sept 2021,94,48,807,72,3052650601,87,650009156,75,3702659757,38,420,97,2,51,336,30,91,2402641445,Out > In
Sept 2021,236,99,25,77,1611336748,68,2068000993,76,3679337741,94,18,148,1,96,18,59,25,456664245,In > Out
Sept 2021,16,84,72,83,1126650908,63,2483400724,77,3610051632,77,43,63,6,97,18,37,69,1356749816,In > Out
Sept 2021,89,111,13,100,516654616,58,2922415241,78,3439069857,102,10,60,7,115,5,73,13,2405760625,In > Out
Sept 2021,101,57,384,71,3234894186,104,130719105,79,3365613291,48,263,70,5,48,365,68,14,3104175081,Out > In
Sept 2021,56,110,13,97,609814214,60,2735729595,80,3345543809,104,9,90,3,117,5,72,13,2125915381,In > Out
Sept 2021,154,97,29,86,1047549761,64,2262033900,81,3309583661,90,20,56,8,103,11,53,28,1214484139,In > Out
Sept 2021,207,49,802,73,2635167065,88,610507033,82,3245674098,36,452,120,1,53,314,103,2,2024660032,Out > In
Sept 2021,47,71,267,74,2443190525,89,554216130,83,2997406655,58,181,118,1,60,184,33,85,1888974395,Out > In
Sept 2021,130,101,23,95,626975290,70,1972596370,84,2599571660,99,14,53,9,108,9,62,23,1345621080,In > Out
Sept 2021,80,100,25,75,2411008666,108,78842876,85,2489851542,125,2,107,2,88,25,57,25,2332165790,Out > In
Sept 2021,150,115,9,84,1102263659,75,1249879091,86,2352142750,107,8,78,4,112,6,80,9,147615432,In > Out
Sept 2021,141,104,19,93,810426065,72,1529391212,87,2339817277,97,14,64,6,111,7,64,19,718965147,In > Out
Sept 2021,99,116,9,92,828718614,73,1461677429,88,2290396043,109,7,83,3,110,7,82,8,632958815,In > Out
Sept 2021,82,59,367,88,939705551,77,1186893118,89,2126598669,49,245,54,8,70,132,48,31,247187567,In > Out
Sept 2021,180,73,221,89,889757833,76,1189325652,90,2079083485,63,149,79,4,57,217,79,9,299567819,In > Out
Sept 2021,6,55,449,85,1088584077,82,838120372,91,1926704449,50,244,71,5,73,122,74,12,250463705,Out > In
Sept 2021,204,88,44,102,418405570,74,1452795007,92,1871200577,85,25,150,1,91,22,41,42,1034389437,In > Out
Sept 2021,198,98,26,94,799024792,78,1000067523,93,1799092315,93,19,147,1,105,10,55,26,201042731,In > Out
Sept 2021,14,103,20,78,1593685922,105,89505126,94,1683191048,110,6,92,3,94,20,93,4,1504180796,Out > In
Sept 2021,129,27,4225,81,1263779972,94,368762480,95,1632542452,25,974,41,12,24,3854,69,14,895017492,Out > In
Sept 2021,58,107,15,98,603411166,79,929070615,96,1532481781,96,15,101,2,113,6,67,15,325659449,In > Out
Sept 2021,57,35,1808,80,1411690902,112,52078304,97,1463769206,61,160,55,8,34,1654,78,9,1359612598,Out > In
Sept 2021,175,105,18,82,1253153908,98,199783165,98,1452937073,121,3,129,1,98,18,117,1,1053370743,Out > In
Sept 2021,125,95,35,90,871439683,90,457260165,99,1328699848,89,22,65,6,100,15,61,23,414179518,Out > In
Sept 2021,159,113,9,96,613416627,85,707221549,100,1320638176,105,9,91,3,116,5,81,9,93804922,In > Out
Sept 2021,83,83,75,99,561036596,84,720038912,101,1281075508,101,11,75,5,87,29,35,71,159002316,In > Out
Sept 2021,146,129,4,105,223764044,83,790824360,102,1014588404,124,3,106,2,121,4,95,4,567060316,In > Out
Sept 2021,77,31,2500,101,477280177,93,374129517,103,851409694,86,24,88,3,81,48,84,8,103150660,Out > In
Sept 2021,50,96,35,103,390958036,99,181317051,104,572275087,108,8,119,1,85,34,149,1,209640985,Out > In
Sept 2021,206,127,4,110,79073735,91,418706436,105,497780171,116,4,76,4,144,1,94,4,339632701,In > Out
Sept 2021,103,120,6,109,82701552,97,236525504,106,319227056,126,2,108,2,132,2,87,6,153823952,In > Out
Sept 2021,246,128,4,122,6141075,95,306792483,107,312933558,127,2,109,2,143,1,96,4,300651408,In > Out
Sept 2021,111,72,228,108,140212941,102,131198743,108,271411684,79,34,115,1,76,89,56,25,9014198,Out > In
Sept 2021,220,77,170,104,230947667,123,4980711,109,235928378,87,23,149,1,61,170,116,1,225966956,Out > In
Sept 2021,44,90,42,112,59660986,101,165875256,110,225536242,88,23,146,1,92,21,45,38,106214270,In > Out
Sept 2021,53,68,297,106,180304691,116,19969523,111,200274214,113,5,93,3,54,277,98,3,160335168,Out > In
Sept 2021,209,114,9,107,167983164,122,5189068,112,173172232,114,5,103,2,107,9,110,2,162794096,Out > In
Sept 2021,54,137,2,111,77272079,107,85765555,113,163037634,128,2,110,2,140,1,106,2,8493476,In > Out
Sept 2021,174,132,3,115,33779276,106,88319368,114,122098644,118,3,126,1,148,1,100,3,54540092,In > Out
Sept 2021,169,93,37,113,54278349,114,28820342,115,83098691,95,17,81,4,84,37,90,5,25458007,Out > In
Sept 2021,232,112,11,125,2978216,111,59187249,116,62165465,120,3,128,1,120,4,83,8,56209033,In > Out
Sept 2021,84,89,44,119,22001840,113,40126709,117,62128549,80,31,99,2,83,44,97,3,18124869,In > Out
Sept 2021,250,106,16,116,26590343,115,27114807,118,53705150,106,9,68,5,104,10,86,7,524464,In > Out
Sept 2021,86,82,78,114,42485959,130,758384,119,43244343,75,52,98,2,77,78,150,1,41727575,Out > In
Sept 2021,29,146,1,118,24459164,120,10633236,120,35092400,143,1,143,1,137,1,138,1,13825928,Out > In
Sept 2021,202,109,14,117,24666108,126,1290701,121,25956809,117,4,105,2,102,14,118,1,23375407,Out > In
Sept 2021,43,117,8,120,10098616,121,9138159,122,19236775,111,6,122,1,109,8,111,2,960457,Out > In
Sept 2021,224,148,1,126,2596034,117,13764879,123,16360913,145,1,145,1,139,1,142,1,11168845,In > Out
Sept 2021,115,145,1,146,46500,118,13164916,124,13211416,146,1,114,1,149,1,123,1,13118416,In > Out
Sept 2021,192,119,6,134,471844,119,10700945,125,11172789,136,1,136,1,114,6,141,1,10229101,In > Out
Sept 2021,142,87,48,121,9527274,135,381842,126,9909116,76,46,87,3,82,47,107,2,9145432,Out > In
Sept 2021,164,134,3,124,3685112,125,2182216,127,5867328,150,1,124,1,127,3,133,1,1502896,Out > In
Sept 2021,199,126,4,123,5680331,144,81228,128,5761559,129,2,111,2,122,4,124,1,5599103,Out > In
Sept 2021,153,141,1,130,1142757,124,3821392,129,4964149,147,1,116,1,147,1,148,1,2678635,In > Out
Sept 2021,156,108,14,128,2134690,128,938783,130,3073473,100,12,102,2,106,9,109,2,1195907,Out > In
Sept 2021,196,102,22,127,2293814,139,191496,131,2485310,103,10,32,15,90,22,108,2,2102318,Out > In
Sept 2021,166,143,1,131,938314,127,1258009,132,2196323,137,1,137,1,141,1,143,1,319695,In > Out
Sept 2021,92,118,7,132,885236,129,922347,133,1807583,112,6,123,1,123,4,125,1,37111,In > Out
Sept 2021,239,122,5,129,1686946,145,64641,134,1751587,115,5,104,2,118,5,114,2,1622305,Out > In
Sept 2021,230,124,4,133,861421,149,21900,135,883321,130,2,132,1,126,4,128,1,839521,Out > In
Sept 2021,1,121,5,135,393954,132,403465,136,797419,122,3,130,1,125,4,127,1,9511,In > Out
Sept 2021,26,123,5,136,391303,136,375995,137,767298,138,1,138,1,119,5,122,1,15308,Out > In
Sept 2021,34,125,4,140,326452,133,391468,138,717920,119,3,127,1,124,4,126,1,65016,In > Out
Sept 2021,9,139,2,141,256027,131,435818,139,691845,131,2,133,1,134,2,135,1,179791,In > Out
Sept 2021,191,130,3,137,383415,138,195012,140,578427,132,2,112,2,129,3,130,1,188403,Out > In
Sept 2021,222,140,1,147,26689,134,388130,141,414819,139,1,139,1,142,1,144,1,361441,In > Out
Sept 2021,176,136,2,138,343932,150,18710,142,362642,133,2,134,1,135,2,136,1,325222,Out > In
Sept 2021,75,131,3,139,333096,148,25477,143,358573,123,3,131,1,130,3,131,1,307619,Out > In
Sept 2021,145,135,2,143,178041,141,153572,144,331613,134,2,113,2,133,2,134,1,24469,Out > In
Sept 2021,102,138,2,142,194652,142,116594,145,311246,135,2,135,1,131,2,132,1,78058,Out > In
Sept 2021,178,144,1,148,13228,137,231880,146,245108,140,1,140,1,145,1,146,1,218652,In > Out
Sept 2021,33,142,1,150,88,140,167724,147,167812,141,1,141,1,146,1,147,1,167636,In > Out
Sept 2021,108,147,1,144,64300,146,62980,148,127280,142,1,142,1,136,1,137,1,1320,Out > In
Sept 2021,203,149,1,149,3370,143,110267,149,113637,144,1,144,1,138,1,139,1,106897,In > Out
Sept 2021,248,150,1,145,48274,147,62975,150,111249,149,1,121,1,150,1,140,1,14701,In > Out
